ACCOUNTNUM,NAME,ADDRESS,PHONE,TELEFAX,INVOICEACCOUNT,CUSTGROUP,LINEDISC,PAYMTERMID,CASHDISC,CURRENCY,INTERCOMPANYAUTOCREATEORDERS,SALESGROUP,BLOCKED,ONETIMECUSTOMER,ACCOUNTSTATEMENT,CREDITMAX,MANDATORYCREDITLIMIT,DIMENSION,DIMENSION2_,DIMENSION3_,VENDACCOUNT,TELEX,PRICEGROUP,MULTILINEDISC,ENDDISC,VATNUM,COUNTRYREGIONID,INVENTLOCATION,DLVTERM,DLVMODE,MARKUPGROUP,CLEARINGPERIOD,ZIPCODE,STATE,COUNTY,URL,EMAIL,CELLULARPHONE,PHONELOCAL,FREIGHTZONE,CREDITRATING,TAXGROUP,STATISTICSGROUP,PAYMMODE,COMMISSIONGROUP,BANKACCOUNT,PAYMSCHED,NAMEALIAS,CONTACTPERSONID,INVOICEADDRESS,OURACCOUNTNUM,SALESPOOLID,INCLTAX,CUSTITEMGROUPID,NUMBERSEQUENCEGROUP,LANGUAGEID,PAYMDAYID,LINEOFBUSINESSID,DESTINATIONCODEID,SUPPITEMGROUPID,TAXLICENSENUM,WEBSALESORDERDISPLAY,PAYMSPEC,BANKCENTRALBANKPURPOSETEXT,BANKCENTRALBANKPURPOSECODE,CITY,STREET,PAGER,SMS,INTERCOMPANYALLOWINDIRECTCRE80,PACKMATERIALFEELICENSENUM,DLVREASON,SALESCALENDARID,CUSTCLASSIFICATIONID,INTERCOMPANYDIRECTDELIVERY,SHIPCARRIERACCOUNT,INVENTSITEID,ORDERENTRYDEADLINEGROUPID,SHIPCARRIERID,SHIPCARRIERFUELSURCHARGE,SHIPCARRIERBLINDSHIPMENT,PARTYTYPE,PARTYID,SHIPCARRIERACCOUNTCODE,PROJPRICEGROUP,SYNCENTITYID,SYNCVERSION,MEMO,SALESDISTRICTID,SEGMENTID,SUBSEGMENTID,COMPANYCHAINID,MAINCONTACTID,IDENTIFICATIONNUMBER,PARTYCOUNTRY,PARTYSTATE,PDSREGIONCODE,PDSCUSTREBATEGROUPID,PDSREBATETMAGROUP,PDSFREIGHTACCRUED,MODIFIEDDATETIME,CREATEDDATETIME,DATAAREAID,RECVERSION,RECID,DIMENSION4_,DIMENSION5_,COMPANYTYPE_MX,RFC_MX,CURP_MX,STATEINSCRIPTION_MX,SAB_ACCGROUPID,SAB_ACCEXCLUDE,SAB_ACCCREDITLIMITDATE,SAB_ACCACCOUNTSTATUSID,SAB_ACCSTATUSREASONID,SAB_ACCGUARANTEEHELD,SAB_ACCTITLEHELD,SAB_ACCHIGHESTBALANCE,SAB_ACCHIGHESTBALANCEDATE,SAB_ACCNOTES,SAB_ACCCOLLECTIONGROUPID,SAB_ACCCREDITOFFICER,SAB_ACCWITHAGENCY,SAB_ACCIGNORE,SAB_ACCINSUREDVALUE,SAB_ACCGUARANTEETYPEID,SAB_ACCGUARANTEEEXPIRYDATE,SAB_ACCGUARANTEEVALUE,FOXSTARTDATE,FOXENDDATE,FOXDEFAULTPAYMENTMETHOD,FOXPRICEMODELKEY,FOXCUSTOMERTYPE,APPROVEDBY_ARB,REPORTASREADYBY_ARB,REJECTEDBY_ARB,IMSSALESRESPONSIBLE,IIMCREATIONDATE,IIMISAID,IIMPLANTCODE,IIMEDIPO,IIMEDIORDERCONF,IIMEDIASN,IIMEDIINVOICE,IIMREGION,IIMTAXCERTJURISDICTION,IIMCERTIFICATIONDATE,IIMCERTIFICATIONEXPIRATIONDATE,IIMCUSTIDENTITYTYPE,IIMCUSTDOMESTICOREXPORT,IIMNEXTREVIEWDATE,IIMCUSTTYPE,IIMISAQUALIFIER,IMSORDERHANDLINGCODE,IMSDUNSCODE,IMSDUNSRATING,IIMTAXEXEMPTCERTNUMBER,IMSINTLTDENABLE,IMSINTOTHERPAYER,SAB_ACCCREDITLIMITEXPIRYDATE,IIMUSELIM,IIMINVOICETYPE,IIMTICKETCUSTOMER,IIMCUSTOMERCONTRACT,IMSDELIVERYLEADDAYS,IMSISINVOCEINPOUNDS,IMSINVOICEPRECISION,IMSUSECASHDISC,IMSPAYMATCUSTACCOUNT,IIMISINVOICEINKILOGRAMS,IIMONESHIPMENTNOTIFICATION,IIMMXEINVADENDAISSUEPLANT,IIMBUSINESSGROUPCODE,IIMEINVOICEUSEUOMCODE,FOXPROCESSFULLYPAIDONLY,IIMWEIGHTRESTRICTIONDISABLE,MODIFIEDBY,CREATEDBY,IIMEDIAUTOPROCESSING,IIMKEYACCOUNTCODE,IIMSEGMENTCODEID,IIMCUSTOMERTYPECODEID,IIMSAVEINVOICETOPDF,IIMCFDICERTIFICATEOFORIGIN,IIMINVOICEDELIVERYORDERBY40050,IIMSENDCUSTOMEREXTCOLLECTION,IIMFOLLOWUPSTRATEGYCODE,IIMSAVEBOLINVOICE,IIMPRINTCUSTPONUM,IIMPRINTITEMEXTID,IMSEXPORTFREIGHTFORWARDIN40057,IIMSALESFORCENAME,IIMCRMCUSTOMERGROUP,IIMCRMDISTRIBUTORGROUP,IIMCUSTOMERTIER,IIMCOMMERCIALEXCELLENCEMA40062,IIMCFDITAXLEGENDTEXT,IIMSUMUPMISCCHARGESONINVOICE,IIMENABLETMSDESTAPPOINTSC40065,IIMEXCLUDEFROMSMARTINTERFACE,IIMDEFAULTL4SEGMENT,IIMCRMACCOUNTID,,,,,,,,,,,,,,,,,,,,,,,,,,,,,,,,,,,,,,,,,,,,,,,,,,,,,,,,,,,,,,,,,,,,,,,,,,,,,,,,,,,,,,,,,,,,,,,,,,,,,,,,,,,,,,,
102720,Schweitzer-Mauduit (EUPCC) - Spotswood,,,,105461,10,,,,USD,0,25013,0,0,0,0.000000000000,0,,1001,3,,,,,,,,,,,,,,,,,,,,,,EXEMPT,,,,,,Schweitzer-Mauduit (,,0,,,0,,,en-us,,,,,,0,,,,,,,,0,,,,,0,,,,,0,0,2,402171,,,00000000-0000-0000-0000-000000000000,0,NULL,B1,,,,,,,,11200,,,0,5/5/20 12:48,5/5/20 12:48,1612,1,5637339151,,1,0,,,,,0,1/1/1900,,,0,0,0.000000000000,1/1/1900,NULL,,,0,1/1/1900,0.000000000000,,1/1/1900,0.000000000000,10/11/2015,12/31/2050,0,0,1,FontP,kb,,,1/1/1900,,,0,0,0,0,,,1/1/1900,1/1/1900,1,0,1/1/1900,Direct,,,947257820,,,1,,1/1/1900,0,,0,0,0,0,0,0,0,0,0,,,0,0,0,FontP,FontP,0,,,,0,0,0,0,,0,0,0,,,,,C,,NULL,0,0,0,,,,,,,,,,,,,,,,,,,,,,,,,,,,,,,,,,,,,,,,,,,,,,,,,,,,,,,,,,,,,,,,,,,,,,,,,,,,,,,,,,,,,,,,,,,,,,,,,,,,,,,,,,,,,,,,,
104312,WestRock Southeast LLC - Dublin,"709 Paper Mill Rd East Dublin, GA 31027",,,,10,,60,,USD,0,30071,0,0,0,300000.000000000000,0,,1001,2,,,,,,,US,,CPT,,,,31027,GA,382,,,,,,,EXEMPT,,CHECK,,,,WestRock Southeast,,0,,,0,,,en-us,,,,,,0,,,,East Dublin,709 Paper Mill Rd,,,0,,,,WestRock,0,,,,,0,0,2,456281,,,00000000-0000-0000-0000-000000000000,0,NULL,B3,AI_07_AUR_AUR_XX,,,,,,,19000,,,0,7/30/20 21:30,8/13/19 15:55,1612,1514711462,5637325608,,1,0,,,,C,0,7/30/2020,Medium Risk,Late,0,0,0.000000000000,1/1/1900,Strategy code 7. New Account RPA INVOICE///APCONTACT Send an email saying the following BOL  are still open and unpaid. also called sales order on invoice top right,,,0,1/1/1900,0.000000000000,,1/1/1900,0.000000000000,9/5/2017,12/31/2064,0,0,1,FontP,FontP,,sholmes,1/1/1900,,,0,0,0,0,,,1/1/1900,1/1/1900,1,0,1/1/1900,Direct,,DOMCC,078622322,,,1,,8/13/2021,0,,0,0,0,0,0,0,0,0,0,,,0,0,0,RealG,FontP,0,,,,0,0,0,1,5,0,0,0,,,,,C,,NULL,0,0,0,,,,,,,,,,,,,,,,,,,,,,,,,,,,,,,,,,,,,,,,,,,,,,,,,,,,,,,,,,,,,,,,,,,,,,,,,,,,,,,,,,,,,,,,,,,,,,,,,,,,,,,,,,,,,,,,,
104379,Craven County Wood Energy - New Bern,"201 Executive Parkway New Bern, NC 28562",,,,10,,30,,USD,0,30071,0,0,0,10000.000000000000,0,,1001,2,,,,,,,US,,CPT,,,,28562,NC,1086,,,,,,,EXEMPT,,CHECK,,,,Craven County Wood E,,0,,,0,,,en-us,,,,,,0,,,,New Bern,201 Executive Parkway,,,0,,,,,0,,,,,0,0,2,463354,,,00000000-0000-0000-0000-000000000000,0,NULL,B3,AI_07_AUR_AUR_XX,,,,,,,11600,,,0,7/30/20 21:30,8/12/19 12:58,1612,1249711610,5637326121,,1,0,,,,C,0,8/12/2019,Medium Risk,MgtDecision,0,0,0.000000000000,1/1/1900,"Strategy code 15 Good payer If skipped invoices, something wrong.",,,0,1/1/1900,0.000000000000,,1/1/1900,0.000000000000,9/26/2017,12/31/2064,0,0,1,FontP,FontP,,sholmes,1/1/1900,,,0,0,0,0,,,1/1/1900,1/1/1900,1,0,1/1/1900,Direct,,DOMCC,179501002,,,1,,9/10/2021,0,,0,0,0,0,0,0,0,0,0,,,0,0,0,RealG,FontP,0,,,,0,0,0,0,,0,0,0,,,,,C,,NULL,0,0,0,,,,,,,,,,,,,,,,,,,,,,,,,,,,,,,,,,,,,,,,,,,,,,,,,,,,,,,,,,,,,,,,,,,,,,,,,,,,,,,,,,,,,,,,,,,,,,,,,,,,,,,,,,,,,,,,,
104471,Norbord Georgia - Cordele,"964 Hwy 280 West Cordele, GA 31015",,,,10,,30,,USD,0,30071,0,0,0,10000.000000000000,0,,,2,,,,,,,US,,CPT,,,,31015,GA,332,,,,,,,EXEMPT,,CHECK,,,,Norbord Georgia - Co,,0,,,0,,,en-us,,,,,,0,,,,Cordele,964 Hwy 280 West,,,0,,,,NORBORD,0,,,,,0,0,2,487006,,,00000000-0000-0000-0000-000000000000,0,NULL,B3,AI_07_AUR_AUR_XX,,,,,,,11600,,,0,7/30/20 21:30,8/9/19 17:55,1612,502030930,5637326339,,1,0,,,,C,0,8/9/2019,Medium Risk,MgtDecision,0,0,0.000000000000,1/1/1900,NULL,,,0,1/1/1900,0.000000000000,,1/1/1900,0.000000000000,11/3/2017,12/31/2064,0,0,1,FontP,FontP,,sholmes,1/1/1900,,,0,0,0,0,,,1/1/1900,1/1/1900,1,0,1/1/1900,Direct,,DOMCC,112622167,,,1,,9/10/2021,0,,0,0,0,0,0,0,0,0,0,,,0,0,0,RealG,FontP,0,,,,0,0,0,1,80,0,0,0,,,,,C,,NULL,0,0,0,,,,,,,,,,,,,,,,,,,,,,,,,,,,,,,,,,,,,,,,,,,,,,,,,,,,,,,,,,,,,,,,,,,,,,,,,,,,,,,,,,,,,,,,,,,,,,,,,,,,,,,,,,,,,,,,,
105169,Atlanta Structural Concrete Company - Buchanan,"PO Box 1009 Buchanan, GA 30113",,,,10,,,,USD,0,10029,0,0,4,0.000000000000,0,,2001,3,,,,,,,US,,COL,,,,30113,GA,368,,,,,,,EXEMPT,,,,,,Atlanta Structural C,,0,,,0,,,en-us,,,,,,0,,,,Buchanan,PO Box 1009,,,0,,,,,0,,,,,0,0,2,529653,,,00000000-0000-0000-0000-000000000000,0,NULL,B1,,,,,,,,,,,0,5/5/20 12:48,5/5/20 12:48,1612,1,5637339152,,1,0,,,,,0,1/1/1900,,,0,0,0.000000000000,1/1/1900,NULL,,,0,1/1/1900,0.000000000000,,1/1/1900,0.000000000000,1/1/2013,12/31/2050,0,0,1,kb,kb,,,1/1/1900,,,0,0,0,0,,,1/1/1900,1/1/1900,1,0,1/1/1900,Direct,,,111257507,,,1,,1/1/1900,0,,0,0,0,0,0,0,0,0,0,,,0,0,0,FontP,FontP,0,,,,0,0,0,0,,0,0,0,,,,,C,,NULL,0,0,0,,,,,,,,,,,,,,,,,,,,,,,,,,,,,,,,,,,,,,,,,,,,,,,,,,,,,,,,,,,,,,,,,,,,,,,,,,,,,,,,,,,,,,,,,,,,,,,,,,,,,,,,,,,,,,,,,
105373,Weyerhaeuser (Arcadia) - Simsboro,"130 Girl Scout Rd Simsboro, LA 71275",,,,10,,30,,USD,0,30071,0,0,0,10000.000000000000,0,,1001,2,,,,,,,US,,CPT,,,,71275,LA,754,,,,,,,EXEMPT,,CHECK,,,,Weyerhaeuser (Arcadi,,0,,,0,,,en-us,,,,,,0,,,,Simsboro,130 Girl Scout Rd,,,0,,,,,0,,,,,0,0,2,536179,,,00000000-0000-0000-0000-000000000000,0,NULL,B3,AI_07_AUR_AUR_XX,,,,,,,11700,,,0,7/30/20 21:30,8/12/19 13:02,1612,290248980,5637326123,,1,0,,,,C,0,8/12/2019,Medium Risk,MgtDecision,0,0,0.000000000000,1/1/1900,Strategy code 7. Ask for Open Invoice when contact.,,,0,1/1/1900,0.000000000000,,1/1/1900,0.000000000000,10/29/2018,12/31/2064,0,0,1,FontP,FontP,,sholmes,1/1/1900,,,0,0,0,0,,,1/1/1900,1/1/1900,1,0,1/1/1900,Direct,,DOMCC,926340795,,,1,,9/10/2021,0,,0,0,0,0,0,0,0,0,0,,,0,0,0,RealG,FontP,0,,,,0,0,0,0,7,0,0,0,,,,,C,,NULL,0,0,0,,,,,,,,,,,,,,,,,,,,,,,,,,,,,,,,,,,,,,,,,,,,,,,,,,,,,,,,,,,,,,,,,,,,,,,,,,,,,,,,,,,,,,,,,,,,,,,,,,,,,,,,,,,,,,,,,
105462,Schweitzer-Mauduit (EUPCC) - Prosperity,"214 Mid-Carolina Court Prosperity, SC 29127",,,105461,10,,,,USD,0,25013,0,0,4,0.000000000000,0,,2001,3,,,,,,,US,,COL,,,,29127,SC,1596,,,,,,,EXEMPT,,,,,,Schweitzer-Mauduit (,,0,,,0,,,en-us,,,,,,0,,,,Prosperity,214 Mid-Carolina Court,,,0,,,,,0,,,,,0,0,2,538544,,,00000000-0000-0000-0000-000000000000,0,NULL,B1,AH_AS_XX_228_HO,,,,,,,11500,,,0,5/5/20 12:48,5/5/20 12:48,1612,1,5637339153,,1,0,,,,,0,1/1/1900,,,0,0,0.000000000000,1/1/1900,NULL,,,0,1/1/1900,0.000000000000,,1/1/1900,0.000000000000,1/1/2013,12/31/2050,0,0,1,kb,kb,,,1/1/1900,,,0,0,0,0,,,1/1/1900,1/1/1900,1,0,1/1/1900,Direct,,,FAKE,,,1,,1/1/1900,0,,0,0,0,0,0,0,0,0,0,,,0,0,0,FontP,FontP,0,,,,0,0,0,0,,0,0,0,,,,,C,,NULL,0,0,0,,,,,,,,,,,,,,,,,,,,,,,,,,,,,,,,,,,,,,,,,,,,,,,,,,,,,,,,,,,,,,,,,,,,,,,,,,,,,,,,,,,,,,,,,,,,,,,,,,,,,,,,,,,,,,,,,
105494,"Borealis Compounds, Inc. - Taylorsville","401 W.E. Baab Industrial Drive Taylorsville, NC 28681",,,101953,40,,,,USD,0,,0,0,0,0.000000000000,0,,1001,2,,,,,,,US,,EXW,,,,28681,NC,1146,,,,,,,EXEMPT,,,,,,Borealis Compounds,,0,,,0,,,en-us,,,,,,0,,,,Taylorsville,401 W.E. Baab Industrial Drive,,,0,,,,IMERYS,0,,,,,0,0,2,538911,,,00000000-0000-0000-0000-000000000000,0,NULL,B1,AC_37_HA_226_CD,,,,,,,11500,,,0,3/3/20 17:54,2/11/20 16:37,1612,1167558147,5637333345,,8410,0,,,,,0,1/1/1900,,,0,0,0.000000000000,1/1/1900,NULL,,,0,1/1/1900,0.000000000000,,1/1/1900,0.000000000000,1/1/2019,12/31/2063,0,0,1,FontP,FontP,,EOliver,1/1/1900,,,0,0,0,0,,,1/1/1900,1/1/1900,0,0,1/1/1900,C,,DOMCC,FAKE,,,1,,1/1/1900,0,,0,0,0,0,0,0,0,0,0,,,0,0,0,FontP,FontP,0,,,,0,0,0,0,,0,0,0,,,,,C,,NULL,0,0,0,,,,,,,,,,,,,,,,,,,,,,,,,,,,,,,,,,,,,,,,,,,,,,,,,,,,,,,,,,,,,,,,,,,,,,,,,,,,,,,,,,,,,,,,,,,,,,,,,,,,,,,,,,,,,,,,,
105922,"The Okonite Company, Inc. (Kaolin)","2276 Rowesville Rd Orangeburg, SC 29115",,,105922,10,,30,,USD,0,30062,2,0,0,30000.000000000000,0,,1001,2,,,,,,,US,,CPT,,,,29115,SC,1597,,,,,,,EXEMPT,,CHECK,,,,The Okonite Company,,0,,,0,,,EN-US,,,,,,0,,,,Orangeburg,2276 Rowesville Rd,,,0,,,,,0,,,,,0,0,2,546598,,,00000000-0000-0000-0000-000000000000,0,NULL,B1,,,,,,,,11500,,,0,7/30/20 21:30,8/6/19 13:51,1612,1306809743,5637326331,,1,0,,,,C,0,8/8/2019,Medium Risk,New Account,0,0,0.000000000000,1/1/1900,NULL,,,0,1/1/1900,0.000000000000,,1/1/1900,0.000000000000,5/24/2019,5/24/2069,0,0,1,FontP,FontP,,EOliver,1/1/1900,,,0,0,0,0,,,1/1/1900,1/1/1900,1,0,1/1/1900,C,,DOMCC, 048341655,,,1,,10/18/2020,0,,0,0,0,0,0,0,0,0,0,,,0,0,0,RealG,LLope,0,,,,0,0,0,1,3,0,0,0,,,,,,,NULL,0,0,0,,,,,,,,,,,,,,,,,,,,,,,,,,,,,,,,,,,,,,,,,,,,,,,,,,,,,,,,,,,,,,,,,,,,,,,,,,,,,,,,,,,,,,,,,,,,,,,,,,,,,,,,,,,,,,,,,
105925,US Ceramics LLC,"1300 Commerce Connector WRENS, GA 30833",,,,10,,30,,USD,0,,2,0,0,10.000000000000,0,,1001,2,,,,,,,US,,EXW,,,,30833,GA,Jefferson,,,,,,,EXEMPT,,CHECK_PRMS,,,,US Ceramics LLC,,0,,,0,,,en-us,,,,,,0,,,,WRENS,1300 Commerce Connector,,,0,,,,,0,,,,,0,0,2,546626,,,00000000-0000-0000-0000-000000000000,0,NULL,A,,,,,,US,,11500,,,0,7/30/20 21:30,2/11/20 19:00,1612,1342660503,5637333348,,1,0,,,,D,0,2/12/2020,High Risk,Late,0,0,0.000000000000,1/1/1900,NULL,,,0,1/1/1900,0.000000000000,,1/1/1900,0.000000000000,1/1/2019,12/31/2051,0,0,1,MitcA,MitcA,,KHC,1/1/1900,,,0,0,0,0,,,1/1/1900,1/1/1900,1,0,1/1/1900,C,,,117032070,,,1,,2/12/2021,0,,0,0,0,0,0,0,0,0,0,,,0,0,0,RealG,FontP,0,,,,0,0,0,0,5,0,0,0,,,,,,,NULL,0,0,0,,,,,,,,,,,,,,,,,,,,,,,,,,,,,,,,,,,,,,,,,,,,,,,,,,,,,,,,,,,,,,,,,,,,,,,,,,,,,,,,,,,,,,,,,,,,,,,,,,,,,,,,,,,,,,,,,
105941,Plainfield Renewable Energy - Plainfield,"12 Mill Brook Rd Plainfield, CT 06374",,,,10,,30,,USD,0,30071,0,0,0,10.000000000000,0,,1001,2,,,,,,,US,,CPT,,,,06374,CT,217,,,,,,,EXEMPT,,CHECK,,,,Plainfield Renewable,,0,,,0,,,EN-US,,,,,,0,,,,Plainfield,12 Mill Brook Rd,,,0,,,,,0,,,,,0,0,2,547089,,,00000000-0000-0000-0000-000000000000,0,NULL,B3,AI_07_AUR_AUR_XX,,,,,,,01009,,,0,7/30/20 21:30,8/8/19 20:48,1612,416952302,5637326338,,1,0,,,,B,0,11/4/2019,Medium Risk,MgtDecision,0,0,0.000000000000,1/1/1900,NULL,,,0,1/1/1900,0.000000000000,,1/1/1900,0.000000000000,6/4/2019,12/31/2064,0,0,1,WalkS,WalkS,,sholmes,1/1/1900,,,0,0,0,0,,,1/1/1900,1/1/1900,1,0,1/1/1900,Direct,,DOMCC,AX105941,,,1,,8/13/2021,0,,0,0,0,0,0,0,0,0,0,,,0,0,0,RealG,FontP,0,,,,0,0,0,1,15,0,0,0,,,,,,,NULL,0,0,0,,,,,,,,,,,,,,,,,,,,,,,,,,,,,,,,,,,,,,,,,,,,,,,,,,,,,,,,,,,,,,,,,,,,,,,,,,,,,,,,,,,,,,,,,,,,,,,,,,,,,,,,,,,,,,,,,
105997,Burgess BioPower - Berlin NH,"One Community Street Berlin, NH 03570",,,,10,,30,,USD,0,30071,0,0,0,10.000000000000,0,,1001,2,,,,,,,US,,CPT,,,,03570,NH,1192,,,,,,,EXEMPT,,CHECK,,,,Burgess BioPower - B,,0,,,0,,,en-us,,,,,,0,,,,Berlin,One Community Street,,,0,,,,,0,,,,,0,0,2,548322,,,00000000-0000-0000-0000-000000000000,0,NULL,B3,AI_07_AUR_AUR_XX,,,,,,,01033,,,0,7/30/20 21:30,8/7/19 19:36,1612,71416228,5637326333,,1,0,,,,D,0,5/4/2020,High Risk,Late,0,0,0.000000000000,1/1/1900,NULL,,,0,1/1/1900,0.000000000000,,1/1/1900,0.000000000000,7/2/2019,12/31/2064,0,0,1,FontP,FontP,,sholmes,1/1/1900,,,0,0,0,0,,,1/1/1900,1/1/1900,1,0,1/1/1900,Direct,,DOMCC,AX105997,,,1,,7/2/2021,0,,0,0,0,0,0,0,0,0,0,,,0,0,0,RealG,FontP,0,,,,2,0,0,0,5,0,0,0,,,,,,,NULL,0,0,0,,,,,,,,,,,,,,,,,,,,,,,,,,,,,,,,,,,,,,,,,,,,,,,,,,,,,,,,,,,,,,,,,,,,,,,,,,,,,,,,,,,,,,,,,,,,,,,,,,,,,,,,,,,,,,,,,
106056,Ozark Materials- Childress (Lintech),"15740 FM 164 Childress, TX 79201",,,258119,10,,30,,USD,0,10023,0,0,0,10.000000000000,0,,1001,2,,,,,,,US,,COL,,,,79201,TX,1827,,,,,,,EXEMPT,,CHECK,,,,Ozark Materials-Ch,,0,,,0,,,en-us,,,,,,0,,,,Childress,15740 FM 164,,,0,,,,LINTECH,0,,,,,0,0,2,549693,,,00000000-0000-0000-0000-000000000000,0,NULL,B1,,,,,,,,11600,,,0,7/30/20 21:30,8/6/19 16:33,1612,740524026,5637325587,,1,0,,,,C,0,9/24/2019,Medium Risk,Ship to,0,0,0.000000000000,1/1/1900,NULL,,,0,1/1/1900,0.000000000000,,1/1/1900,0.000000000000,8/6/2019,12/31/2069,0,0,1,FontP,FontP,,IMartinez,1/1/1900,,,0,0,0,0,,,1/1/1900,1/1/1900,1,0,1/1/1900,C,,DOMCC,FAKE,,,1,,9/24/2020,0,,0,0,0,0,0,0,0,0,0,,,0,0,0,RealG,FontP,0,,,,0,0,0,0,,0,0,0,,,,,,,NULL,0,0,0,,,,,,,,,,,,,,,,,,,,,,,,,,,,,,,,,,,,,,,,,,,,,,,,,,,,,,,,,,,,,,,,,,,,,,,,,,,,,,,,,,,,,,,,,,,,,,,,,,,,,,,,,,,,,,,,,
106065,ChemRite CoPac Inc. (Fitz Chem),"19725 W. Edgewood Dr Lannon, WI 53046",,,252733,10,,30,,USD,0,60068,0,0,0,10.000000000000,0,,1001,2,,,,,,,US,,EXW,,,,53046,WI,2016,,,,,,,EXEMPT,,CHECK,,,,ChemRite CoPac Inc.,,0,,,0,,,en-us,,,,,,0,,,,Lannon,19725 W. Edgewood Dr,,,0,,,,FITZ CHEM,0,,,,,0,0,2,549885,,,00000000-0000-0000-0000-000000000000,0,62-377-6502,B1,,,,,,,,11300,,,0,7/30/20 21:30,8/12/19 13:54,1612,67892315,5637326125,,1,0,,,,C,0,8/12/2019,Medium Risk,Ship to,0,0,0.000000000000,1/1/1900,NULL,,,0,1/1/1900,0.000000000000,,1/1/1900,0.000000000000,8/12/2019,12/31/2069,0,0,1,LLope,LLope,,EOliver,1/1/1900,,,0,0,0,0,,,1/1/1900,1/1/1900,1,0,1/1/1900,C,,DOMCC,FAKE,17,,1,,8/12/2020,0,,0,0,0,0,0,0,0,0,0,,,0,0,0,RealG,LLope,0,,,,0,0,0,0,,0,0,0,,,,,,,NULL,0,0,0,,,,,,,,,,,,,,,,,,,,,,,,,,,,,,,,,,,,,,,,,,,,,,,,,,,,,,,,,,,,,,,,,,,,,,,,,,,,,,,,,,,,,,,,,,,,,,,,,,,,,,,,,,,,,,,,,
106069,Georgia Pacific Brewton LLC - Brewton,"32224 Hwy 31 Brewton, AL 36426-8191",,,,10,,,,USD,0,10042,0,0,4,0.000000000000,0,,2001,3,,,,,,,US,,COL,,,,36426-8191,AL,,,,,,,,EXEMPT,,,,,,Georgia Pacific Brew,,0,,,0,,,en-us,,,,,,0,,,,Brewton,32224 Hwy 31,,,0,,,,GAPACIFIC,0,,,,,0,0,2,549945,,,00000000-0000-0000-0000-000000000000,0,NULL,B1,,,,,,,,11500,,,0,5/5/20 12:49,5/5/20 12:49,1612,1,5637339154,,1,0,,,,,0,1/1/1900,,,0,0,0.000000000000,1/1/1900,NULL,,,0,1/1/1900,0.000000000000,,1/1/1900,0.000000000000,1/1/2013,12/31/2050,0,0,1,samps,samps,,,1/1/1900,,,0,0,0,0,,,1/1/1900,1/1/1900,0,0,1/1/1900,Direct,,,807871137,,,1,,1/1/1900,0,,0,0,0,0,0,0,0,0,0,,,0,0,0,FontP,FontP,0,,,,0,0,0,0,,0,0,0,,,,,,,NULL,0,0,0,,,,,,,,,,,,,,,,,,,,,,,,,,,,,,,,,,,,,,,,,,,,,,,,,,,,,,,,,,,,,,,,,,,,,,,,,,,,,,,,,,,,,,,,,,,,,,,,,,,,,,,,,,,,,,,,,
106073,Yu Feng Rubber Industry Co. Ltd.,"820 NO. 3,  Kangshan  N. Rd.,   Kangshan    Kaohisung, 10681 TW",,,103712,10,,30,,USD,0,,0,0,0,10.000000000000,0,,1001,2,,,,,,,TW,,CFR,,,,10681,,,,,,,,,EXEMPT,,CHECK,,,,Yu Feng Rubber Indus,,0,,,0,,,en-us,,,,,,0,,,,Kaohisung,"820 NO. 3,  Kangshan  N. Rd.,   Kangshan   ",,,0,,,,TRUMP,0,,,,,0,0,2,550051,,,00000000-0000-0000-0000-000000000000,0,NULL,B1,AE_48_BC_15_CD,,,,,,,44000,,,0,7/30/20 21:30,8/14/19 14:41,1612,2106042834,5637326127,,1,0,,,,C,0,8/14/2019,Medium Risk,Ship to,0,0,0.000000000000,1/1/1900,NULL,,,0,1/1/1900,0.000000000000,,1/1/1900,0.000000000000,8/14/2019,12/31/2069,0,0,1,FontP,FontP,,PSchmidt,1/1/1900,,,0,0,0,0,,,1/1/1900,1/1/1900,1,1,1/1/1900,C,,EXPCC,FAKE,,,1,,8/14/2020,0,,0,0,0,0,0,0,0,0,0,,,0,0,0,RealG,FontP,0,,,,0,0,0,0,,0,0,0,,,,,,,NULL,0,0,0,,,,,,,,,,,,,,,,,,,,,,,,,,,,,,,,,,,,,,,,,,,,,,,,,,,,,,,,,,,,,,,,,,,,,,,,,,,,,,,,,,,,,,,,,,,,,,,,,,,,,,,,,,,,,,,,,
106105,PT. Eco Paper Indonesia,"Kp. Padaasih RT 009 RW 004 Padaasih, Cibogo Subang",,,,10,,CIA,,USD,0,10046,0,0,0,10.000000000000,0,,1001,2,,,,,,,Indonesia,,CFR,,,,41285,,,,,,,,,EXEMPT,,CHECK,,,,PT. Eco Paper Indone,,0,,,0,,,en-us,,,,,,0,,,,Jawa Barat,"Kp. Padaasih RT 009 RW 004 Padaasih, Cibogo Subang",,,0,,,,,0,,,,,0,0,2,550588,,,00000000-0000-0000-0000-000000000000,0,This account has not submitted a credit app or been credit reviewed.  Terms can not be changed until this process has been done  there is no D&B number for this account,A,AE_66_XX_228_CD,,,,,,,40000,,,0,7/30/20 21:30,8/27/19 14:01,1612,681537054,5637327327,,1,0,,,,F,0,8/28/2019,High Risk,No Financials,0,0,0.000000000000,1/1/1900,Cash in advance,,,0,1/1/1900,0.000000000000,,1/1/1900,0.000000000000,8/27/2019,12/31/2069,0,0,1,FontP,FontP,,PSchmidt,1/1/1900,,,0,0,0,0,,,1/1/1900,1/1/1900,1,1,1/1/1900,C,,EXP,FAKE,,,1,,8/28/2020,0,,0,0,0,0,0,0,0,0,0,,,0,1,0,RealG,FontP,0,,,,0,0,0,0,,0,0,0,,,,,,,NULL,0,0,0,,,,,,,,,,,,,,,,,,,,,,,,,,,,,,,,,,,,,,,,,,,,,,,,,,,,,,,,,,,,,,,,,,,,,,,,,,,,,,,,,,,,,,,,,,,,,,,,,,,,,,,,,,,,,,,,,
106111,Lincoln General Cable (BHR),"3 Carol Drive Lincoln, RI 02865",,,252731,10,,30,,USD,0,30062,0,0,0,10.000000000000,0,2892,1001,2,,,,,,,US,,COL,,,,02865,RI,1565,,,,,,,EXEMPT,,CHECK,,,,Lincoln General Cabl,,0,,,0,,,en-us,,,,,,0,,,,Lincoln,3 Carol Drive,,,0,,,,ROETTKER,0,,,,,0,0,2,550866,,,00000000-0000-0000-0000-000000000000,0,NULL,B1,GD_LT_XXX_000_XX,,,,,,,11100,,,0,7/30/20 21:30,8/29/19 14:31,1612,946683511,5637327094,,1,0,,,,C,0,8/29/2019,Medium Risk,Ship to,0,0,0.000000000000,1/1/1900,NULL,,,0,1/1/1900,0.000000000000,,1/1/1900,0.000000000000,8/29/2019,12/31/2069,0,0,1,LLope,LLope,,IMartinez,1/1/1900,,,0,0,0,0,,,1/1/1900,1/1/1900,1,0,1/1/1900,C,,DOMCC,FAKE,,,1,,8/29/2020,0,,0,0,0,0,0,0,0,0,0,,,0,0,0,RealG,LLope,0,,,,0,0,0,0,,0,0,0,,,,,,,NULL,0,0,0,,,,,,,,,,,,,,,,,,,,,,,,,,,,,,,,,,,,,,,,,,,,,,,,,,,,,,,,,,,,,,,,,,,,,,,,,,,,,,,,,,,,,,,,,,,,,,,,,,,,,,,,,,,,,,,,,
106115,"Dairen Chemical (Jiangsu)Co., Ltd","No.1, Dairen Rd.  Economic Development Zone Yizheng, Jiangsu CN",,,,10,,30,,USD,0,61096,0,0,0,10.000000000000,0,,1001,2,,,,,,,CN,,CIF,,,,,,,,,,,,,EXEMPT,,CHECK,,,,Dairen Chemical (Jia,,0,,,0,,,en-us,,,,,,0,,,,"Yizheng, Jiangsu","No.1, Dairen Rd.  Economic Development Zone",,,0,,,,,0,,,,,0,0,2,550908,,,00000000-0000-0000-0000-000000000000,0,"Credit app not signed, incomplete, no stamp from china.  Open terms.    ",B1,AE_38_AZ_225_CD,,,,,,,45000,,,0,7/30/20 21:30,8/30/19 15:13,1612,842875067,5637327101,,1,0,,,,F,0,9/3/2019,High Risk,Country risk,0,0,0.000000000000,1/1/1900,NULL,,,0,1/1/1900,0.000000000000,,1/1/1900,0.000000000000,8/30/2019,12/31/2069,0,0,1,FontP,FontP,,PSchmidt,1/1/1900,,,0,0,0,0,,,1/1/1900,1/1/1900,1,1,1/1/1900,C,,EXPCC,546833740,,,1,,9/20/2020,0,,0,0,0,0,0,0,0,0,0,,,0,0,0,RealG,FontP,0,,,,0,0,0,0,,0,0,0,,,,,,,NULL,0,0,0,,,,,,,,,,,,,,,,,,,,,,,,,,,,,,,,,,,,,,,,,,,,,,,,,,,,,,,,,,,,,,,,,,,,,,,,,,,,,,,,,,,,,,,,,,,,,,,,,,,,,,,,,,,,,,,,,
106123,Universal Paint Industry (Imerys),Taiz Street,,,252991,40,,30,,USD,0,25020,0,0,0,10.000000000000,0,,1001,2,,,,,,,,,CIF,,,,,,,,,,,,,EXEMPT,,CHECK,,,,Universal Paint Indu,,0,,,0,,,en-us,,,,,,0,,,,"Sana'a, Republic of Yemen",Taiz Street,,,0,,,,IMERYS,0,,,,,0,0,2,550997,,,00000000-0000-0000-0000-000000000000,0,NULL,B1,AC_31_HA_226_CD,,,,,,,34000,,,0,7/30/20 21:30,9/3/19 19:04,1612,1551794265,5637327119,,1116,0,,,,C,0,9/3/2019,Medium Risk,Ship to,0,0,0.000000000000,1/1/1900,NULL,,,0,1/1/1900,0.000000000000,,1/1/1900,0.000000000000,9/3/2019,12/31/2069,0,0,1,FontP,FontP,,mhogan,1/1/1900,,,0,0,0,0,,,1/1/1900,1/1/1900,0,1,1/1/1900,C,,EXPCC,FAKE,,,1,,9/3/2020,0,,0,0,0,0,0,0,0,0,0,,,0,0,0,RealG,FontP,0,,,,0,0,0,0,,0,0,0,,,,,,,NULL,0,0,0,,,,,,,,,,,,,,,,,,,,,,,,,,,,,,,,,,,,,,,,,,,,,,,,,,,,,,,,,,,,,,,,,,,,,,,,,,,,,,,,,,,,,,,,,,,,,,,,,,,,,,,,,,,,,,,,,
106167,Industrias Plasticas Australes SA,"Avda Perito  Moreno 3650 9410 Ushuaia, Tierra De Fuego AR",,,,10,,45,,USD,0,10058,0,0,0,10000.000000000000,0,,1001,2,,,,,,,AR,,CIF,,,,9410,,,,,,,,,EXEMPT,,CHECK,,,,Industrias Plasticas,,0,,,0,,,en-us,,,,,,0,,,,"Ushuaia, Tierra De Fuego",Avda Perito  Moreno 3650,,,0,,,,,0,,,,,0,0,2,551942,,,00000000-0000-0000-0000-000000000000,0,NULL,B1,AD_00_XXX_000_XX,,,,,,,20000,,,0,7/30/20 21:30,9/26/19 20:35,1612,1363450133,5637328853,,1,0,,,,E,0,10/4/2019,High Risk,Ship to,0,0,0.000000000000,1/1/1900,NULL,,,0,1/1/1900,0.000000000000,,1/1/1900,0.000000000000,9/26/2019,12/31/2069,0,0,1,FontP,FontP,,PSchmidt,1/1/1900,,,0,0,0,0,,,1/1/1900,1/1/1900,1,1,1/1/1900,C,,EXPCC,FAKE,,,1,,10/4/2020,0,,0,0,0,0,0,0,0,0,0,,,0,0,0,RealG,FontP,0,,,,0,0,0,1,7,0,0,0,,,,,,,NULL,0,0,0,,,,,,,,,,,,,,,,,,,,,,,,,,,,,,,,,,,,,,,,,,,,,,,,,,,,,,,,,,,,,,,,,,,,,,,,,,,,,,,,,,,,,,,,,,,,,,,,,,,,,,,,,,,,,,,,,
106170,Princz Saicfei,"Calle 80 N 5844 1650 San Martin, Buenos Aires AR",,,,10,,Pay Sight,,USD,0,10058,0,0,0,10.000000000000,0,,1001,2,,,,,,,AR,,CIF,,,,1650,,,,,,,,,EXEMPT,,CHECK,,,,Princz Saicfei,,0,,,0,,,en-us,,,,,,0,,,,"San Martin, Buenos Aires",Calle 80 N 5844,,,0,,,,,0,,,,,0,0,2,551950,,,00000000-0000-0000-0000-000000000000,0,NULL,B1,AD_00_XXX_000_XX,,,,,,,20000,,,0,7/30/20 21:30,9/26/19 21:01,1612,1712073588,5637328858,,1,0,,,,D,0,7/21/2020,High Risk,Country risk,0,0,0.000000000000,1/1/1900,NULL,,,0,1/1/1900,0.000000000000,,1/1/1900,0.000000000000,9/26/2019,12/31/2069,0,0,1,FontP,FontP,,PSchmidt,1/1/1900,,,0,0,0,0,,,1/1/1900,1/1/1900,1,1,1/1/1900,C,,EXPCC,FAKE,,,1,,10/2/2021,0,,0,0,0,0,0,0,0,0,0,,,0,0,0,RealG,FontP,0,,,,0,0,0,1,1,0,0,0,,,,,,,NULL,0,0,0,,,,,,,,,,,,,,,,,,,,,,,,,,,,,,,,,,,,,,,,,,,,,,,,,,,,,,,,,,,,,,,,,,,,,,,,,,,,,,,,,,,,,,,,,,,,,,,,,,,,,,,,,,,,,,,,,
106186,EES Cosmetic Solutions,"98 Executive Ave Edison, NJ 08817",,,,10,,30,,USD,0,,0,0,0,10000.000000000000,0,,1001,2,,,,,,,US,,EXW,,,,08817,NJ,1221,,,,,,,EXEMPT,,CHECK,,,,EES Cosmetic Sol.,,0,,,0,,,en-us,,,,,,0,,,,Edison,98 Executive Ave,,,0,,,,,0,,,,,0,0,2,552260,,,00000000-0000-0000-0000-000000000000,0,NULL,B1G,FS_FP_XXX_000_XX,,,,,,,11100,,,0,7/30/20 21:30,10/4/19 17:19,1612,1530318986,5637328873,,1,0,,,,E,0,10/4/2019,High Risk,Active,0,0,0.000000000000,1/1/1900,NULL,,,0,1/1/1900,0.000000000000,,1/1/1900,0.000000000000,10/4/2019,12/31/2069,0,0,1,FontP,FontP,,EOliver,1/1/1900,,,0,0,0,0,,,1/1/1900,1/1/1900,1,0,1/1/1900,C,,DOMCC,FAKE,,,1,,10/4/2020,0,,0,0,0,0,0,0,0,0,0,,,0,0,0,RealG,FontP,0,,,,0,0,0,0,,0,0,0,,,,,,,NULL,0,0,0,,,,,,,,,,,,,,,,,,,,,,,,,,,,,,,,,,,,,,,,,,,,,,,,,,,,,,,,,,,,,,,,,,,,,,,,,,,,,,,,,,,,,,,,,,,,,,,,,,,,,,,,,,,,,,,,,
106190,PT Biota Alam Indah,Tamback Sawah  Pergudangan JJ   Permata Jabon 2A NO.11 Kel Tambak Sawah Kec.Waru 61256   11531 Jawa Timur ID,,,,10,,60,,USD,0,,0,0,0,10.000000000000,0,,1001,2,,,,,,,ID,,CIF,,,,11531,,,,,,,,,EXEMPT,,CHECK,,,,PT BIOTA ALAM INDAH,,0,,,0,,,EN-US,,,,,,0,,,,Jawa Timur,Tamback Sawah  Pergudangan JJ   Permata Jabon 2A NO.11 Kel Tambak Sawah Kec.Waru 61256  ,,,0,,,,,0,,,,,0,0,2,552280,,,00000000-0000-0000-0000-000000000000,0,NULL,B1,AB_00_XXX_000_XX,,,,,,,12600,,,0,7/30/20 21:30,10/7/19 15:30,1612,1807900010,5637329097,,1,0,,,,D,0,10/9/2019,High Risk,Country risk,0,0,0.000000000000,1/1/1900,Asia customer service. Strategy code 15 Joleen Poh,,,0,1/1/1900,0.000000000000,,1/1/1900,0.000000000000,10/7/2019,12/31/2069,0,0,1,FontP,FontP,,PSchmidt,1/1/1900,,,0,0,0,0,,,1/1/1900,1/1/1900,1,1,1/1/1900,C,,EXPCC,FAKE,,,1,,10/9/2021,0,,0,0,0,0,0,0,0,0,0,,,0,0,0,RealG,FontP,0,,,,0,0,0,1,1,0,0,0,,,,,,,NULL,0,0,0,,,,,,,,,,,,,,,,,,,,,,,,,,,,,,,,,,,,,,,,,,,,,,,,,,,,,,,,,,,,,,,,,,,,,,,,,,,,,,,,,,,,,,,,,,,,,,,,,,,,,,,,,,,,,,,,,
106205,Pinturas Ecuatorianas (QCI),"Freight Forwarder 2730 SW 3rd Ave Miami, FL 33129-2300",,,253808,10,,30,,USD,0,60068,0,0,0,10.000000000000,0,,1001,2,,,,,,,US,,EXW,,,,33129-2300,FL,267,,,,,,,EXEMPT,,CHECK,,,,Pinturas Ecuatoriana,,0,,,0,,,en-us,,,,,,0,,,,Miami,Freight Forwarder 2730 SW 3rd Ave,,,0,,,,QCI,0,,,,,0,0,2,552604,,,00000000-0000-0000-0000-000000000000,0,NULL,B1,AE_38_BU_236_CD,,,,,,,20000,,,0,7/30/20 21:30,10/11/19 14:31,1612,164884858,5637328905,,1,0,,,,D,0,10/14/2019,High Risk,Country risk,0,0,0.000000000000,1/1/1900,NULL,,,0,1/1/1900,0.000000000000,,1/1/1900,0.000000000000,10/11/2019,12/31/2069,0,0,1,FontP,FontP,,EOliver,1/1/1900,,,0,0,0,0,,,1/1/1900,1/1/1900,1,1,1/1/1900,Agent,,EXPCC,FAKE,,,1,,10/14/2020,0,,0,0,0,0,0,0,0,0,0,,,0,0,0,RealG,FontP,0,,,,0,0,0,0,,0,0,0,,,,,,,NULL,0,0,0,,,,,,,,,,,,,,,,,,,,,,,,,,,,,,,,,,,,,,,,,,,,,,,,,,,,,,,,,,,,,,,,,,,,,,,,,,,,,,,,,,,,,,,,,,,,,,,,,,,,,,,,,,,,,,,,,
106209,Ozark Materials-Dayton (Lintech),"80 Airpark Vista Blvd Dayton, NV 89403",,,258119,10,,30,,USD,0,60068,0,0,0,10.000000000000,0,,1001,2,,,,,,,US,,COL,,,,89403,NV,1263,,,,,,,EXEMPT,,CHECK,,,,Ozark Materials-Dayt,,0,,,0,,,en-us,,,,,,0,,,,Dayton,80 Airpark Vista Blvd,,,0,,,,LINTECH,0,,,,,0,0,2,552818,,,00000000-0000-0000-0000-000000000000,0,NULL,B1,AB_97_FA_92_EF,,,,,,,11800,,,0,7/30/20 21:30,10/14/19 18:03,1612,436266542,5637328909,,1,0,,,,C,0,10/16/2019,Medium Risk,Ship to,0,0,0.000000000000,1/1/1900,NULL,,,0,1/1/1900,0.000000000000,,1/1/1900,0.000000000000,10/14/2019,12/31/2069,0,0,1,FontP,FontP,,IMartinez,1/1/1900,,,0,0,0,0,,,1/1/1900,1/1/1900,1,0,1/1/1900,C,,DOMCC,FAKE,,,1,,10/16/2020,0,,0,0,0,0,0,0,0,0,0,,,0,0,0,RealG,FontP,0,,,,0,0,0,0,,0,0,0,,,,,,,NULL,0,0,0,,,,,,,,,,,,,,,,,,,,,,,,,,,,,,,,,,,,,,,,,,,,,,,,,,,,,,,,,,,,,,,,,,,,,,,,,,,,,,,,,,,,,,,,,,,,,,,,,,,,,,,,,,,,,,,,,
106211,Pintuco Colombia S.A (QCI),"2730 SW 3rd Ave Miami, FL 33129-2300",,,253808,10,,30,,USD,0,60068,0,0,0,10.000000000000,0,,1001,2,,,,,,,US,,EXW,,,,33129-2300,FL,267,,,,,,,EXEMPT,,CHECK,,,,Pintuco Colombia S.A,,0,,,0,,,en-us,,,,,,0,,,,Miami,2730 SW 3rd Ave,,,0,,,,QCI,0,,,,,0,0,2,552829,,,00000000-0000-0000-0000-000000000000,0,NULL,B1,AE_38_BU_236_CD,,,,,,,20000,,,0,7/30/20 21:30,10/15/19 14:21,1612,723363846,5637329134,,1,0,,,,C,0,10/16/2019,Medium Risk,Ship to,0,0,0.000000000000,1/1/1900,NULL,,,0,1/1/1900,0.000000000000,,1/1/1900,0.000000000000,10/15/2019,12/31/2069,0,0,1,FontP,FontP,,EOliver,1/1/1900,,,0,0,0,0,,,1/1/1900,1/1/1900,1,1,1/1/1900,C,,EXPCC,FAKE,,,1,,10/16/2020,0,,0,0,0,0,0,0,0,0,0,,,0,0,0,RealG,FontP,0,,,,0,0,0,0,,0,0,0,,,,,,,NULL,0,0,0,,,,,,,,,,,,,,,,,,,,,,,,,,,,,,,,,,,,,,,,,,,,,,,,,,,,,,,,,,,,,,,,,,,,,,,,,,,,,,,,,,,,,,,,,,,,,,,,,,,,,,,,,,,,,,,,,
106236,Hsing Lung Sdn Bhd.,"1, Jln. Sri Plentong 6,  Tmn. Perind. Sri Plentong  81750 Masai,Johor MY",,,,10,,30,,USD,0,E04778,0,0,0,10.000000000000,0,,1001,2,,,,,,,MY,,CIF,,,,81750,,,,,,,,,EXEMPT,,CHECK,,,,Hsing Lung Sdn Bhd.,,0,,,0,,,en-us,,,,,,0,,,,"Masai,Johor","1, Jln. Sri Plentong 6,  Tmn. Perind. Sri Plentong",,,0,,,,,0,,,,,0,0,2,553193,,,00000000-0000-0000-0000-000000000000,0,65-227-7567,B1,AD_15_EI_218_XX,,,,,,,43000,,,0,7/30/20 21:30,10/23/19 15:56,1612,550048759,5637329829,,1,0,,,,F,0,10/24/2019,High Risk,Country risk,0,0,0.000000000000,1/1/1900,NULL,,,0,1/1/1900,0.000000000000,,1/1/1900,0.000000000000,10/23/2019,12/31/2069,0,0,1,FontP,FontP,,PSchmidt,1/1/1900,,,0,0,0,0,,,1/1/1900,1/1/1900,1,1,1/1/1900,C,,EXPCC,FAKE,4A,,1,,10/25/2020,0,,0,0,0,0,0,0,0,0,0,,,0,0,0,RealG,FontP,0,,,,0,0,0,0,5,0,0,0,,,,,,,NULL,0,0,0,,,,,,,,,,,,,,,,,,,,,,,,,,,,,,,,,,,,,,,,,,,,,,,,,,,,,,,,,,,,,,,,,,,,,,,,,,,,,,,,,,,,,,,,,,,,,,,,,,,,,,,,,,,,,,,,,
106240,MahaChem Inc. (Philippines),"Unit 810, 8th Floor AIC Burgundy Tower ADB Avenue,  Ortigas Center  TEL: +632-641 2963; +632 - 330 4744  Pasig City, 1605 PH",,,104380,10,,30,,USD,0,61538,0,0,0,10.000000000000,0,,1001,2,,,,,,,PH,,CIF,,,,1605,,,,,,,,,EXEMPT,,CHECK,,,,MahaChem Inc.,,0,,,0,,,en-us,,,,,,0,,,,Pasig City,"Unit 810, 8th Floor AIC Burgundy Tower ADB Avenue,  Ortigas Center  TEL: +632-641 2963; +632 - 330 4744",,,0,,,,MAHA,0,,,,,0,0,2,553308,,,00000000-0000-0000-0000-000000000000,0,65-225-8153 ,B1,AB_29_XX_127_EF,,,,,,,43000,,,0,7/30/20 21:30,10/25/19 16:22,1612,1214320214,5637330080,,1,0,,,,F,0,10/25/2019,High Risk,Ship to,0,0,0.000000000000,1/1/1900,NULL,,,0,1/1/1900,0.000000000000,,1/1/1900,0.000000000000,10/25/2019,12/31/2069,0,0,1,FontP,FontP,,PSchmidt,1/1/1900,,,0,0,0,0,,,1/1/1900,1/1/1900,1,1,1/1/1900,C,,EXPCC,FAKE,,,1,,10/25/2020,0,,0,0,0,0,0,0,0,0,0,,,0,0,0,RealG,FontP,0,,,,0,0,0,0,,0,0,0,,,,,,,NULL,0,0,0,,,,,,,,,,,,,,,,,,,,,,,,,,,,,,,,,,,,,,,,,,,,,,,,,,,,,,,,,,,,,,,,,,,,,,,,,,,,,,,,,,,,,,,,,,,,,,,,,,,,,,,,,,,,,,,,,
106246,Standard  Colours & Chemicals  Corporation,"Plot No. S-55 S.I.T.E  Hawks Bay Road, Gulbai  Karachi PK",,,,10,,LCSight,,USD,0,10046,0,0,0,10.000000000000,0,,1001,2,,,,,,,PK,,CFR,,,,74200,,,,,,,,,EXEMPT,,CHECK,,,,Standard  Colours &,,0,,,0,,,en-us,,,,,,0,,,,Karachi,"Plot No. S-55 S.I.T.E  Hawks Bay Road, Gulbai ",,,0,,,,,0,,,,,0,0,2,553550,,,00000000-0000-0000-0000-000000000000,0,NULL,A,AB_97_FA_92_EF,,,,,,,47000,,,0,7/30/20 21:30,10/30/19 15:38,1612,1619719409,5637330084,,1,0,,,,E,0,11/6/2019,High Risk,Country risk,0,0,0.000000000000,1/1/1900,LC at sight,,,0,1/1/1900,0.000000000000,,1/1/1900,0.000000000000,10/30/2019,12/31/2069,0,0,1,FontP,FontP,,PSchmidt,1/1/1900,,,0,0,0,0,,,1/1/1900,1/1/1900,1,1,1/1/1900,C,,EXP,645787594,,,1,,11/21/2021,0,,0,0,0,0,0,0,0,0,0,,,0,0,0,RealG,FontP,0,,,,0,0,0,0,,0,0,0,,,,,,,NULL,0,0,0,,,,,,,,,,,,,,,,,,,,,,,,,,,,,,,,,,,,,,,,,,,,,,,,,,,,,,,,,,,,,,,,,,,,,,,,,,,,,,,,,,,,,,,,,,,,,,,,,,,,,,,,,,,,,,,,,
106273,CCD (Singapore) Pte. Ltd.,"29 Tembusu Avenue, Jurong Island,    Singapore SG  627535",,,,10,,30,,USD,0,,2,0,0,10.000000000000,0,,1001,2,,,,,,,SG,,CIF,,,,627535,,,,,,,,,EXEMPT,,CHECK,,,,CCD (Singapore) Pte.,,0,,,0,,,en-us,,,,,,0,,,,Singapore,"29 Tembusu Avenue, Jurong Island,   ",,,0,,,,,0,,,,,0,0,2,554053,,,00000000-0000-0000-0000-000000000000,0,This account is open terms and high risk per their financials 59-529-6979,B1,AE_37_AZ_127_CD,,,,,,,43000,,,0,7/30/20 21:30,11/11/19 17:43,1612,887672491,5637329860,,1,0,,,,F,0,11/21/2019,High Risk,Country risk,0,0,0.000000000000,1/1/1900,NULL,,,0,1/1/1900,0.000000000000,,1/1/1900,0.000000000000,11/11/2019,12/31/2069,0,0,1,FontP,FontP,,PSchmidt,1/1/1900,,,0,0,0,0,,,1/1/1900,1/1/1900,1,1,1/1/1900,C,,EXPCC,FAKE,,,1,,2/11/2021,0,,0,0,0,0,0,0,0,0,0,,,0,0,0,RealG,FontP,0,,,,0,0,0,0,,0,0,0,,,,,,,NULL,0,0,0,,,,,,,,,,,,,,,,,,,,,,,,,,,,,,,,,,,,,,,,,,,,,,,,,,,,,,,,,,,,,,,,,,,,,,,,,,,,,,,,,,,,,,,,,,,,,,,,,,,,,,,,,,,,,,,,,
106288,Berel/Watson Phillips y Cia. Sucs. S.A. de C.V. -c/o LAR,"1801 Markley Ln Laredo, TX 78041",,,253168,10,,30,,USD,0,60068,0,0,0,10.000000000000,0,,1001,2,,,,,,,US,,EXW,,,,78041,TX,1816,,,,,,,EXEMPT,,CHECK,,,,Berel/Watson Phillip,,0,,,0,,,en-us,,,,,,0,,,,Laredo,1801 Markley Ln,,,0,,,,WATSONPHIL,0,,,,,0,0,2,554295,,,00000000-0000-0000-0000-000000000000,0,NULL,B1,AB_56_BO_235_EF,,,,,,,14000,,,0,7/30/20 21:30,11/20/19 21:31,1612,928618720,5637330832,,1,0,,,,C,0,11/20/2019,Medium Risk,Ship to,0,0,0.000000000000,1/1/1900,NULL,,,0,1/1/1900,0.000000000000,,1/1/1900,0.000000000000,11/18/2019,12/31/2064,0,0,1,WalkS,WalkS,,IMartinez,1/1/1900,,,0,0,0,0,,,1/1/1900,1/1/1900,1,1,1/1/1900,Direct,,EXPCC,AX106288,,,1,,11/20/2020,0,,0,0,0,0,0,0,0,0,0,,,0,0,0,RealG,FontP,0,,,,0,0,0,0,,0,0,0,,,,,,,NULL,0,0,0,,,,,,,,,,,,,,,,,,,,,,,,,,,,,,,,,,,,,,,,,,,,,,,,,,,,,,,,,,,,,,,,,,,,,,,,,,,,,,,,,,,,,,,,,,,,,,,,,,,,,,,,,,,,,,,,,
106330,Prominerales S.A.S.,NIT. 811.015.370-8 KM. 1.5 VIA AL AEROPUERTO  Puerto Berrio CO,,,,10,,30,,USD,0,25022,0,0,0,10.000000000000,0,,1001,2,,,,,,,CO,,CFR,,,,8335020,Antioquia,,,,,,,,EXEMPT,,CHECK,,,,Prominerales S.A.S.,,0,,,0,,,en-us,,,,,,0,,,,Puerto Berrio,NIT. 811.015.370-8 KM. 1.5 VIA AL AEROPUERTO,,,0,,,,,0,,,,,0,0,2,556856,,,00000000-0000-0000-0000-000000000000,0,no credit application received ,B1,,,,,,,,20000,,,0,7/30/20 21:30,12/16/19 14:06,1612,1728490985,5637332326,,1,0,,,,C,0,12/30/2019,Medium Risk,Country risk,0,0,0.000000000000,1/1/1900,NULL,,,0,1/1/1900,0.000000000000,,1/1/1900,0.000000000000,12/15/2019,12/31/2069,0,0,1,FontP,FontP,,PSchmidt,1/1/1900,,,0,0,0,0,,,1/1/1900,1/1/1900,1,1,1/1/1900,C,,EXPCC,FAKE,,,1,,12/10/2020,0,,0,0,0,0,0,0,0,0,0,,,0,0,0,RealG,FontP,0,,,,0,0,0,0,,0,0,0,,,,,,,NULL,0,0,0,,,,,,,,,,,,,,,,,,,,,,,,,,,,,,,,,,,,,,,,,,,,,,,,,,,,,,,,,,,,,,,,,,,,,,,,,,,,,,,,,,,,,,,,,,,,,,,,,,,,,,,,,,,,,,,,,
106333,Uniglobal Papers Private Limited,"Mouza - Junglekhas, Jhargram, Paschim Medinipur, W. Bengal 721507 IN",,,,10,,LC45,,USD,0,10046,0,0,0,10.000000000000,0,,1001,2,,,,,,,IN,,CIF,,,,721507,,,,,,,,,EXEMPT,,CHECK,,,,Uniglobal Papers,,0,,,0,,,en-us,,,,,,0,,,,W. Bengal,"Mouza - Junglekhas, Jhargram, Paschim Medinipur,",,,0,,,,,0,,,,,0,0,2,557044,,,00000000-0000-0000-0000-000000000000,0,"$12M Sales a year, but LC terms",A,AH_AU_BL_228_DY,,,,,,,12600,,,0,7/30/20 21:30,12/20/19 13:54,1612,1644780788,5637332086,,1,0,,,,C,0,12/30/2019,Medium Risk,New Account,0,0,0.000000000000,1/1/1900,NULL,,,0,1/1/1900,0.000000000000,,1/1/1900,0.000000000000,12/20/2019,12/31/2069,0,0,1,FontP,FontP,,PSchmidt,1/1/1900,,,0,0,0,0,,,1/1/1900,1/1/1900,1,1,1/1/1900,C,,EXP,FAKE,,,1,,12/30/2020,0,,0,0,0,0,0,0,0,0,0,,,0,0,0,RealG,FontP,0,,,,0,0,0,0,,0,0,0,,,,,,,NULL,0,0,0,,,,,,,,,,,,,,,,,,,,,,,,,,,,,,,,,,,,,,,,,,,,,,,,,,,,,,,,,,,,,,,,,,,,,,,,,,,,,,,,,,,,,,,,,,,,,,,,,,,,,,,,,,,,,,,,,
106334,Tessy Plastics Corp. (Talc),"300 Ailing Drive Sodus, NY 14551",,,101953,40,,30,,USD,0,10047,0,0,0,10.000000000000,0,,1001,2,,,,,,,US,,EXW,,,,14551,NY,1331,,,,,,,EXEMPT,,CHECK,,,,Tessy Plastics,,0,,,0,,,en-us,,,,,,0,,,,Sodus,300 Ailing Drive,,,0,,,,IMERYS,0,,,,,0,0,2,557052,,,00000000-0000-0000-0000-000000000000,0,NULL,B1,AC_31_HA_226_CD,,,,,,,11100,,,0,7/30/20 21:30,12/20/19 16:45,1612,219453706,5637332088,,1,0,,,,A1,0,12/30/2019,Low Risk,Ship to,0,0,0.000000000000,1/1/1900,NULL,,,0,1/1/1900,0.000000000000,,1/1/1900,0.000000000000,12/20/2019,12/31/2069,0,0,1,FontP,FontP,,EOliver,1/1/1900,,,0,0,0,0,,,1/1/1900,1/1/1900,0,0,1/1/1900,C,,DOMCC,FAKE,,,1,,12/30/2022,0,,0,0,0,0,0,0,0,0,0,,,0,0,0,RealG,FontP,0,,,,0,0,0,0,,0,0,0,,,,,,,NULL,0,0,0,,,,,,,,,,,,,,,,,,,,,,,,,,,,,,,,,,,,,,,,,,,,,,,,,,,,,,,,,,,,,,,,,,,,,,,,,,,,,,,,,,,,,,,,,,,,,,,,,,,,,,,,,,,,,,,,,
106384,Imerys Canada Inc.,"100 Mansell Ct E Ste 300 Atlanta, GA 30368",,,,40,,Prox25,,USD,0,20010,0,0,0,10.000000000000,0,,1001,2,,,,,,,US,,DAP,,,,30368,GA,,,,,,,,EXEMPT,,CHECK,,,,Imerys Canada Inc.,,0,,,0,,,en-us,,,,,,0,,,,Atlanta,100 Mansell Ct E Ste 300,,,0,,,,IMERYS,0,,,,,0,0,2,557724,,,00000000-0000-0000-0000-000000000000,0,NULL,B1XFERLEG1,,,,,,,,13200,,,0,7/30/20 21:30,1/14/20 19:21,1612,342263180,5637332388,,8219,0,,,,A1,0,2/5/2020,No Risk,MgtDecision,0,0,0.000000000000,1/1/1900,NULL,,,0,1/1/1900,0.000000000000,,1/1/1900,0.000000000000,1/14/2020,12/31/2070,0,0,1,FontP,FontP,,Rsbe,1/1/1900,,,0,0,0,0,,,1/1/1900,1/1/1900,0,0,1/1/1900,I,,SLURRYCC,FAKE,,,1,,2/5/2023,0,,0,0,0,0,0,0,0,0,1,,,0,0,0,RealG,FontP,0,,,,0,0,0,0,,0,0,0,,,,,,,NULL,0,0,0,,,,,,,,,,,,,,,,,,,,,,,,,,,,,,,,,,,,,,,,,,,,,,,,,,,,,,,,,,,,,,,,,,,,,,,,,,,,,,,,,,,,,,,,,,,,,,,,,,,,,,,,,,,,,,,,,
106385,Imerys Canada Inc. -PAYER,"c/o Imerys Pigments, Inc. 100 Mansell Ct E Ste 300 Attn: Mindy Seger Roswell, GA 30076-4860",,,106384,40,,Prox25,,USD,0,,0,0,0,10000000.000000000000,0,,1001,2,,,,,,,US,,DAP,,,,30076-4860,GA,355,,,,,,,EXEMPT,,CHECK,,,,Imerys Canada Inc.,,0,,,0,,,en-us,,,,,,0,,,,Roswell,"c/o Imerys Pigments, Inc. 100 Mansell Ct E Ste 300 Attn: Mindy Seger",,,0,,,,,0,,,,,0,0,2,557726,,,00000000-0000-0000-0000-000000000000,0,NULL,,,,,,,,,,,,0,7/30/20 21:30,1/14/20 19:40,1612,370057383,5637332390,,8219,0,,,,A1,0,2/5/2020,No Risk,MgtDecision,0,0,0.000000000000,1/1/1900,NULL,,,0,1/1/1900,0.000000000000,,1/1/1900,0.000000000000,1/14/2020,12/31/2070,0,0,1,FontP,FontP,,Rsbe,1/1/1900,,,0,0,0,0,,,1/1/1900,1/1/1900,0,0,1/1/1900,I,,SLURRYCC,FAKE,,,1,,2/5/2023,0,,0,0,0,0,0,0,0,0,0,,,0,0,0,RealG,FontP,0,,,,0,0,0,0,,0,0,0,,,,,,,NULL,0,0,0,,,,,,,,,,,,,,,,,,,,,,,,,,,,,,,,,,,,,,,,,,,,,,,,,,,,,,,,,,,,,,,,,,,,,,,,,,,,,,,,,,,,,,,,,,,,,,,,,,,,,,,,,,,,,,,,,
106404,Cons-BH-Transload,"2037 Waco Mill Road Sandersville, GA 31082",,,101597,40,,30,,USD,0,20012,0,0,0,100000.000000000000,0,,1001,2,,,,,,,US,,CPT,,,,31082,GA,437,,,,,,,EXEMPT,,CHECK,,,,Cons-BH-Transload,,0,,,0,,,en-us,,,,,,0,,,,Sandersville,2037 Waco Mill Road,,,0,,,,IMERYS,0,,,,,0,0,2,558162,,,00000000-0000-0000-0000-000000000000,0,NULL,B1,,,,,,,,11500,,,0,7/30/20 21:30,1/22/20 16:08,1612,1478934812,5637333079,,1612,0,,,,A,0,1/26/2020,No Risk,MgtDecision,0,0,0.000000000000,1/1/1900,NULL,,,0,1/1/1900,0.000000000000,,1/1/1900,0.000000000000,1/22/2020,12/31/2070,0,0,1,FontP,FontP,,Rsbe,1/1/1900,,,0,0,0,0,,,1/1/1900,1/1/1900,0,0,1/1/1900,I,,BULKCC,FAKE,,,1,,1/26/2023,0,,0,0,0,0,0,0,0,0,0,,,0,0,0,RealG,FontP,0,,,,0,0,0,0,,0,0,0,,,,,,,NULL,0,0,0,,,,,,,,,,,,,,,,,,,,,,,,,,,,,,,,,,,,,,,,,,,,,,,,,,,,,,,,,,,,,,,,,,,,,,,,,,,,,,,,,,,,,,,,,,,,,,,,,,,,,,,,,,,,,,,,,
106429,Borealis -Statesville (Talc),"c/o Kontane Logistics  121 Anna Drive Statesville, NC 28625",,,101953,40,,30,,USD,0,,0,0,0,10.000000000000,0,,1001,2,,,,,,,US,,EXW,,,,28625,NC,1104,,,,,,,EXEMPT,,CHECK,,,,Borealis-Statesville,,0,,,0,,,en-us,,,,,,0,,,,Statesville,c/o Kontane Logistics  121 Anna Drive,,,0,,,,IMERYS,0,,,,,0,0,2,564018,,,00000000-0000-0000-0000-000000000000,0,NULL,B1,AC_31_HA_226_CD,,,,,,,11500,,,0,7/30/20 21:30,2/11/20 17:15,1612,2090283329,5637333347,,1,0,,,,A1,0,2/17/2020,Low Risk,Ship to,0,0,0.000000000000,1/1/1900,NULL,,,0,1/1/1900,0.000000000000,,1/1/1900,0.000000000000,2/11/2020,12/31/2070,0,0,1,FontP,FontP,,EOliver,1/1/1900,,,0,0,0,0,,,1/1/1900,1/1/1900,0,0,1/1/1900,C,,DOMCC,FAKE,,,1,,2/17/2021,0,,0,0,0,0,0,0,0,0,0,,,0,0,0,RealG,FontP,0,,,,0,0,0,0,,0,0,0,,,,,,,NULL,0,0,0,,,,,,,,,,,,,,,,,,,,,,,,,,,,,,,,,,,,,,,,,,,,,,,,,,,,,,,,,,,,,,,,,,,,,,,,,,,,,,,,,,,,,,,,,,,,,,,,,,,,,,,,,,,,,,,,,
106445,Thiele Kaolin Company- Garden City,"% Page International Garden City, GA 31407",,,,10,,30,,USD,0,,0,0,0,10000.000000000000,0,,1001,2,,,,,,,US,,FCA,,,,31407,GA,321,,,,,,,EXEMPT,,CHECK,,,,Thiele Kaolin Co.,,0,,,0,,,EN-US,,,,,,0,,,,Garden City,% Page International,,,0,,,,,0,,,,,0,0,2,564412,,,00000000-0000-0000-0000-000000000000,0,NULL,A,MG_00_COM_000_XX,,,,,,,11500,,,0,7/30/20 21:30,2/14/20 21:12,1612,2134443381,5637333355,,1,0,,,,C,0,2/14/2020,Medium Risk,MgtDecision,0,0,0.000000000000,1/1/1900,NULL,,,0,1/1/1900,0.000000000000,,1/1/1900,0.000000000000,2/14/2020,12/31/2070,0,0,1,FontP,FontP,,Rsbe,1/1/1900,,,0,0,0,0,,,1/1/1900,1/1/1900,1,0,1/1/1900,C,,DOMCC,FAKE,,,1,,2/17/2021,0,,0,0,0,0,0,0,0,0,0,,,0,0,0,RealG,FontP,0,,,,0,0,0,0,5,0,0,0,,,,,,,NULL,0,0,0,,,,,,,,,,,,,,,,,,,,,,,,,,,,,,,,,,,,,,,,,,,,,,,,,,,,,,,,,,,,,,,,,,,,,,,,,,,,,,,,,,,,,,,,,,,,,,,,,,,,,,,,,,,,,,,,,
106453,"Sasco Chemical Group, LLC (Lintech)","100 7th Ave. Albany, GA 31701",,,258119,10,,30,,USD,0,10044,0,0,0,10.000000000000,0,,1001,2,,,,,,,US,,COL,,,,31701,GA,342,,,,,,,EXEMPT,,CHECK,,,,Sasco Chemical Group,,0,,,0,,,en-us,,,,,,0,,,,Albany,100 7th Ave.,,,0,,,,LINTECH,0,,,,,0,0,2,564540,,,00000000-0000-0000-0000-000000000000,0,NULL,B1,AE_48_AL_15_EH,,,,,,,11500,,,0,7/30/20 21:30,2/18/20 17:00,1612,1711843763,5637335585,,1,0,,,,C,0,2/18/2020,Medium Risk,Ship to,0,0,0.000000000000,1/1/1900,NULL,,,0,1/1/1900,0.000000000000,,1/1/1900,0.000000000000,2/18/2020,12/31/2070,0,0,1,FontP,FontP,,IMartinez,1/1/1900,,,0,0,0,0,,,1/1/1900,1/1/1900,1,0,1/1/1900,C,,DOMCC,FAKE,,,1,,2/18/2021,0,,0,0,0,0,0,0,0,0,0,,,0,0,0,RealG,FontP,0,,,,0,0,0,0,,0,0,0,,,,,,,NULL,0,0,0,,,,,,,,,,,,,,,,,,,,,,,,,,,,,,,,,,,,,,,,,,,,,,,,,,,,,,,,,,,,,,,,,,,,,,,,,,,,,,,,,,,,,,,,,,,,,,,,,,,,,,,,,,,,,,,,,
106454,Maskom Plastik San. Ve Tic. Ltd. Sti (Imerys),"8, Esentepe Mahallesi, Milangaz Caddesi Monumento Plaza 75/A 34800  Istanbul TR",,,252991,40,,30,,USD,0,25020,0,0,0,10.000000000000,0,,1001,2,,,,,,,TR,,CIF,,,,34800,,,,,,,,,EXEMPT,,CHECK,,,,Maskom Plastik San.,,0,,,0,,,en-us,,,,,,0,,,,Istanbul,"8, Esentepe Mahallesi, Milangaz Caddesi Monumento Plaza 75/A",,,0,,,,IMERYS,0,,,,,0,0,2,564544,,,00000000-0000-0000-0000-000000000000,0,NULL,B1,AB_13_DE_218_XX,,,,,,,34000,,,0,7/30/20 21:30,2/18/20 19:50,1612,12283869,5637335351,,1116,0,,,,A1,0,2/18/2020,No Risk,Ship to,0,0,0.000000000000,1/1/1900,NULL,,,0,1/1/1900,0.000000000000,,1/1/1900,0.000000000000,2/18/2020,12/31/2070,0,0,1,FontP,FontP,,mhogan,1/1/1900,,,0,0,0,0,,,1/1/1900,1/1/1900,0,1,1/1/1900,I,,EXPCC,FAKE,,,1,,2/18/2021,0,,0,0,0,0,0,0,0,0,0,,,0,0,0,RealG,FontP,0,,,,0,0,0,0,,0,0,0,,,,,,,NULL,0,0,0,,,,,,,,,,,,,,,,,,,,,,,,,,,,,,,,,,,,,,,,,,,,,,,,,,,,,,,,,,,,,,,,,,,,,,,,,,,,,,,,,,,,,,,,,,,,,,,,,,,,,,,,,,,,,,,,,
106466,Swift Integrated Logistics Sdn Bhd (Imerys),"PLO 137 & 138, Jalan Angkasa Emas Utama,   Kawasan Perindustrian Tebrau II 81100 Johor Bahru MY",,,252992,40,,60,,USD,0,,0,0,0,10.000000000000,0,,1001,2,,,,,,,MY,,CIF,,,,81100,Johor,,,,,,,,EXEMPT,,CHECK,,,,Swift Integrated,,0,,,0,,,EN-US,,,,,,0,,,,Johor Bahru,"PLO 137 & 138, Jalan Angkasa Emas Utama,   Kawasan Perindustrian Tebrau II",,,0,,,,IMERYS,0,,,,,0,0,2,564932,,,00000000-0000-0000-0000-000000000000,0,NULL,B1,AC_31_HA_226_CD,,,,,,,43000,,,0,7/30/20 21:30,2/26/20 17:26,1612,1749234191,5637336332,,1830,0,,,,A1,0,2/26/2020,Low Risk,Ship to,0,0,0.000000000000,1/1/1900,NULL,,,0,1/1/1900,0.000000000000,,1/1/1900,0.000000000000,2/26/2020,12/31/2070,0,0,1,FontP,FontP,,PSchmidt,1/1/1900,,,0,0,0,0,,,1/1/1900,1/1/1900,0,1,1/1/1900,IC,,EXPCC,FAKE,,,1,,2/26/2022,0,,0,0,0,0,0,0,0,0,0,,,0,0,0,RealG,FontP,0,,,,0,0,0,0,,0,0,0,,,,,,,NULL,0,0,0,,,,,,,,,,,,,,,,,,,,,,,,,,,,,,,,,,,,,,,,,,,,,,,,,,,,,,,,,,,,,,,,,,,,,,,,,,,,,,,,,,,,,,,,,,,,,,,,,,,,,,,,,,,,,,,,,
106494,Dairen Chemical Corp.(Kaohsiung City),"No.1-3, Xinggong Rd.,  Dashe Dist.,  Kaohsiung City, 815 TW",,,,10,,30,,USD,0,61538,0,0,0,10.000000000000,0,,1001,2,,,,,,,TW,,CIF,,,,815,,,,,,,,,EXEMPT,,CHECK,,,,Dairen Chemical Corp,,0,,,0,,,en-us,,,,,,0,,,,Kaohsiung City,"No.1-3, Xinggong Rd.,  Dashe Dist.,",,,0,,,,,0,,,,,0,0,2,567004,,,00000000-0000-0000-0000-000000000000,0,"Credit app not signed, no business stamp, open terms",B1,,,,,,,,44000,,,0,7/30/20 21:30,3/23/20 17:37,1612,1734757358,5637337327,,1,0,,,,F,0,5/5/2020,High Risk,Country risk,0,0,0.000000000000,1/1/1900,NULL,,,0,1/1/1900,0.000000000000,,1/1/1900,0.000000000000,3/23/2020,12/31/2070,0,0,1,FontP,FontP,,PSchmidt,1/1/1900,,,0,0,0,0,,,1/1/1900,1/1/1900,1,1,1/1/1900,C,,EXPCC,546833740,,,1,,3/23/2021,0,,0,0,0,0,0,0,0,0,0,,,0,0,0,RealG,FontP,0,,,,0,0,0,0,5,0,0,0,,,,,,,NULL,0,0,0,,,,,,,,,,,,,,,,,,,,,,,,,,,,,,,,,,,,,,,,,,,,,,,,,,,,,,,,,,,,,,,,,,,,,,,,,,,,,,,,,,,,,,,,,,,,,,,,,,,,,,,,,,,,,,,,,
106502,"Doperco c/o Chemical Color, S.A. De C.V.(QCI)",c/o Marlins Freight Forwarders CP 1101 San Salvadore SV,,,253808,10,,30,,USD,0,10053,0,0,0,10.000000000000,0,,1001,2,,,,,,,SV,,EXW,,,,CP 1101,,,,,,,,,EXEMPT,,CHECK,,,,Doperco c/o Chemical,,0,,,0,,,en-us,,,,,,0,,,,San Salvadore,c/o Marlins Freight Forwarders,,,0,,,,QCI,0,,,,,0,0,2,567256,,,00000000-0000-0000-0000-000000000000,0,NULL,B1,AB_13_BO_235_EF,,,,,,,20000,,,0,7/30/20 21:30,3/27/20 12:21,1612,2087977671,5637338077,,,0,,,,,0,3/27/2020,Low Risk,Ship to,0,0,0.000000000000,1/1/1900,NULL,,,0,1/1/1900,0.000000000000,,1/1/1900,0.000000000000,3/27/2020,12/31/2020,0,0,1,FontP,FontP,,Rsbe,1/1/1900,,,0,0,0,0,,,1/1/1900,1/1/1900,1,1,1/1/1900,Agent,,EXPCC,FAKE,,,1,,3/27/2021,0,,0,0,0,0,0,0,0,0,0,,,0,0,0,RealG,FontP,0,,,,0,0,0,0,,0,0,0,,,,,,,NULL,0,0,0,,,,,,,,,,,,,,,,,,,,,,,,,,,,,,,,,,,,,,,,,,,,,,,,,,,,,,,,,,,,,,,,,,,,,,,,,,,,,,,,,,,,,,,,,,,,,,,,,,,,,,,,,,,,,,,,,
106504,Copamex Industrias SA DE CV (Alcalosa Forwarding),"c/o Alcalosa Forwarding, Inc 4015 Transfer Drive, The New Trade Center Phase 2 Laredo, TX 78045",,,,10,,60,,USD,0,25014,0,0,0,10.000000000000,0,,1001,2,,,,,,,US,,,,,,78045,TX,1816,,,,,,,EXEMPT,,CHECK,,,,Copamex Industrias S,,0,,,0,,,en-us,,,,,,0,,,,Laredo,"c/o Alcalosa Forwarding, Inc 4015 Transfer Drive, The New Trade Center Phase 2",,,0,,,,,0,,,,,0,0,2,567271,,,00000000-0000-0000-0000-000000000000,0,NULL,B1,MG_00_SPE_000_XX,,,,,,,14000,,,0,7/30/20 21:30,3/27/20 16:01,1612,1267184517,5637338080,,,0,,,,,0,3/27/2020,Medium Risk,Financials available,0,0,0.000000000000,1/1/1900,NULL,,,0,1/1/1900,0.000000000000,,1/1/1900,0.000000000000,3/27/2020,12/31/2070,0,0,1,FontP,FontP,,Rsbe,1/1/1900,,,0,0,0,0,,,1/1/1900,1/1/1900,1,1,1/1/1900,Agent,,EXPCC,FAKE,,,1,,3/30/2021,0,,0,0,0,0,0,0,0,0,0,,,0,0,0,RealG,FontP,0,,,,0,0,0,0,5,0,0,0,,,,,,,NULL,0,0,0,,,,,,,,,,,,,,,,,,,,,,,,,,,,,,,,,,,,,,,,,,,,,,,,,,,,,,,,,,,,,,,,,,,,,,,,,,,,,,,,,,,,,,,,,,,,,,,,,,,,,,,,,,,,,,,,,
106611,ICP Industrial - Itasca,"1600 Glenlake Ave Itasca, IL 60143",,,101953,40,,30,,USD,0,10047,0,0,0,10.000000000000,0,,1001,2,,,,,,,US,,EXW,,,,60143,IL,518,,,,,,,EXEMPT,,CHECK,,,,ICP Industrial - Ita,,0,,,0,,,en-us,,,,,,0,,,,Itasca,1600 Glenlake Ave,,,0,,,,IMERYS,0,,,,,0,0,2,570299,,,00000000-0000-0000-0000-000000000000,0,NULL,B1,AC_31_HA_226_CD,,,,,,,11300,,,0,7/30/20 21:30,4/21/20 17:05,1612,1179055316,5637339089,,1,0,,,,B,0,4/24/2020,Low Risk,Ship to,0,0,0.000000000000,1/1/1900,NULL,,,0,1/1/1900,0.000000000000,,1/1/1900,0.000000000000,4/16/2020,4/16/2069,0,0,1,FontP,FontP,,EOliver,1/1/1900,,,0,0,0,0,,,1/1/1900,1/1/1900,1,0,1/1/1900,I,,DOMCC,FAKE,,,1,,4/24/2021,0,,0,0,0,0,0,0,0,0,0,,,0,0,0,RealG,FontP,0,,,,0,0,0,0,99,0,0,0,,,,,,,NULL,0,0,0,,,,,,,,,,,,,,,,,,,,,,,,,,,,,,,,,,,,,,,,,,,,,,,,,,,,,,,,,,,,,,,,,,,,,,,,,,,,,,,,,,,,,,,,,,,,,,,,,,,,,,,,,,,,,,,,,
106772,PPG Asian Paints Pvt. Ltd.,"Chennai Mannur II 28/1, Thandalam To Perambakam Highway Kanchipuram Dist Mannur,  Sriperumbudur   Tamil Nadu 602105 IN",,,,10,,TT Net 60,,USD,0,10046,0,0,0,10.000000000000,0,,1001,2,,,,,,,IN,,CIF,,,,602105,,,,,,,,,EXEMPT,,CHECK,,,,PPG Asian Paints Pvt,,0,,,0,,,EN-US,,,,,,0,,,,Tamil Nadu,"Chennai Mannur II 28/1, Thandalam To Perambakam Highway Kanchipuram Dist Mannur,  Sriperumbudur  ",,,0,,,,,0,,,,,0,0,2,572064,,,00000000-0000-0000-0000-000000000000,0,India pays late without secured terms ,B1,AB_95_FA_92_EF,,,,,,,12600,,,0,7/30/20 21:30,5/12/20 12:50,1612,483613311,5637339865,,1,0,,,,D,0,5/12/2020,High Risk,Country risk,0,0,0.000000000000,1/1/1900,NULL,,,0,1/1/1900,0.000000000000,,1/1/1900,0.000000000000,5/12/2020,12/31/2070,0,0,1,FontP,FontP,,ckoffroth,1/1/1900,,,0,0,0,0,,,1/1/1900,1/1/1900,1,1,1/1/1900,C,,EXPCC,FAKE,,,1,,7/14/2021,0,,0,0,0,0,0,0,0,0,0,,,0,0,0,RealG,FontP,0,,,,0,0,0,0,5,0,0,0,,,,,,,NULL,0,0,0,,,,,,,,,,,,,,,,,,,,,,,,,,,,,,,,,,,,,,,,,,,,,,,,,,,,,,,,,,,,,,,,,,,,,,,,,,,,,,,,,,,,,,,,,,,,,,,,,,,,,,,,,,,,,,,,,
106823,Oji- Edogawa (Imerys),"3-2, 2 Chome Higashishinozaki, Edogawa-ku, Tokyo, 133-8511 JP",,,257511,40,,30,,USD,0,25019,0,0,0,10.000000000000,0,,1001,2,,,,,,,JP,,FCA,,,,133-8511,,,,,,,,,EXEMPT,,CHECK,,,,Oji-Edogawa,,0,,,0,,,en-us,,,,,,0,,,,Tokyo,"3-2, 2 Chome Higashishinozaki, Edogawa-ku,",,,0,,,,IMERYS,0,,,,,0,0,2,573033,,,00000000-0000-0000-0000-000000000000,0,NULL,A,,,,,,,,42000,,,0,7/30/20 21:30,5/27/20 13:18,1612,1644058321,5637341327,,1821,0,,,,B,0,6/11/2020,Low Risk,Ship to,0,0,0.000000000000,1/1/1900,NULL,,,0,1/1/1900,0.000000000000,,1/1/1900,0.000000000000,5/27/2020,12/31/2070,0,0,1,FontP,FontP,,mhogan,1/1/1900,,,0,0,0,0,,,1/1/1900,1/1/1900,0,1,1/1/1900,I,,EXP,FAKE,,,1,,6/11/2020,0,,0,0,0,0,0,0,0,0,0,,,0,0,0,RealG,FontP,0,,,,0,0,0,0,5,0,0,0,,,,,,,NULL,0,0,0,,,,,,,,,,,,,,,,,,,,,,,,,,,,,,,,,,,,,,,,,,,,,,,,,,,,,,,,,,,,,,,,,,,,,,,,,,,,,,,,,,,,,,,,,,,,,,,,,,,,,,,,,,,,,,,,,
106893,Watson Phillips -c/o LAR Modern Agents Forwarding,"1801 Markley Lane Street Modern Industrial Park Laredo, TX 78041",,,253168,10,,90,,USD,0,60068,0,0,0,10.000000000000,0,,1001,2,,,,,,,US,,EXW,,,,78041,TX,1816,,,,,,,EXEMPT,,CHECK,,,,Watson Phillips,,0,,,0,,,en-us,,,,,,0,,,,Laredo,1801 Markley Lane Street Modern Industrial Park,,,0,,,,WATSONPHIL,0,,,,,0,0,2,575034,,,00000000-0000-0000-0000-000000000000,0,NULL,B1,AB_56_BO_235_EF,,,,,,,,,,0,7/30/20 21:30,6/16/20 17:16,1612,2023997621,5637341860,,1,0,,,,C,0,6/16/2020,Medium Risk,Ship to,0,0,0.000000000000,1/1/1900,NULL,,,0,1/1/1900,0.000000000000,,1/1/1900,0.000000000000,6/16/2020,12/31/2070,0,0,1,FontP,FontP,,EOliver,1/1/1900,,,0,0,0,0,,,1/1/1900,1/1/1900,1,1,1/1/1900,Agent,,EXPCC,FAKE,,,1,,6/23/2021,0,,0,0,0,0,0,0,0,0,0,,,0,0,0,RealG,FontP,0,,,,0,0,0,0,,0,0,0,,,,,,,NULL,0,0,0,,,,,,,,,,,,,,,,,,,,,,,,,,,,,,,,,,,,,,,,,,,,,,,,,,,,,,,,,,,,,,,,,,,,,,,,,,,,,,,,,,,,,,,,,,,,,,,,,,,,,,,,,,,,,,,,,
106945,"Trimpot Electronicas, Ltda. (QCI)","C/o Vortex Worldwide Logistics 3301 NW 97TH AVE. Doral, FL 33172",,,253808,10,,30,,USD,0,10047,0,0,0,10.000000000000,0,,1001,2,,,,,,,US,,EXW,,,,33172,FL,268,,,,,,,EXEMPT,,CHECK,,,,Trimpot Electronicas,,0,,,0,,,en-us,,,,,,0,,,,Doral,C/o Vortex Worldwide Logistics 3301 NW 97TH AVE.,,,0,,,,QCI,0,,,,,0,0,2,576501,,,00000000-0000-0000-0000-000000000000,0,NULL,B1,AB_13_BO_235_EF,,,,,,,11500,,,0,7/30/20 21:30,7/10/20 17:50,1612,1651394679,5637343101,,1,0,,,,B,0,7/14/2020,Low Risk,Ship to,0,0,0.000000000000,1/1/1900,NULL,,,0,1/1/1900,0.000000000000,,1/1/1900,0.000000000000,7/10/2020,12/31/2020,0,0,1,FontP,FontP,,EOliver,1/1/1900,,,0,0,0,0,,,1/1/1900,1/1/1900,1,1,1/1/1900,Agent,,EXPCC,FAKE,,,1,,7/14/2021,0,,0,0,0,0,0,0,0,0,0,,,0,0,0,RealG,FontP,0,,,,0,0,0,0,15,0,0,0,,,,,,,NULL,0,0,0,,,,,,,,,,,,,,,,,,,,,,,,,,,,,,,,,,,,,,,,,,,,,,,,,,,,,,,,,,,,,,,,,,,,,,,,,,,,,,,,,,,,,,,,,,,,,,,,,,,,,,,,,,,,,,,,,
106948,Nippon Express-Charlotte (Fitz Chem),"4325 Beam Road  Suite 104 Charlotte, NC 28217",,,252733,10,,30,,USD,0,60068,0,0,4,10.000000000000,0,,1001,2,,,,,,,US,,EXW,,,,28217,NC,1112,,,,,,,EXEMPT,,CHECK,,,,Nippon Express (Fitz,,0,,,0,,,en-us,,,,,,0,,,,Charlotte,4325 Beam Road  Suite 104,,,0,,,,FITZ CHEM,0,,,,,0,0,2,576599,,,00000000-0000-0000-0000-000000000000,0,NULL,B1,AE_33_XXX_219_CD,,,,,,,11500,,,0,7/30/20 21:30,7/15/20 12:51,1612,98178964,5637343330,,1,0,,,,C,0,7/16/2020,Medium Risk,Ship to,0,0,0.000000000000,1/1/1900,NULL,,,0,1/1/1900,0.000000000000,,1/1/1900,0.000000000000,1/1/2013,12/31/2050,0,0,1,FontP,FontP,,Rsbe,1/1/1900,,,0,0,0,0,,,1/1/1900,1/1/1900,1,0,1/1/1900,Disty,,DOMCC,FAKE,,,1,,7/16/2021,0,,0,0,0,0,0,0,0,0,0,,,0,0,0,RealG,FontP,0,,,,0,0,0,0,,0,0,0,,,,,,,NULL,0,0,0,,,,,,,,,,,,,,,,,,,,,,,,,,,,,,,,,,,,,,,,,,,,,,,,,,,,,,,,,,,,,,,,,,,,,,,,,,,,,,,,,,,,,,,,,,,,,,,,,,,,,,,,,,,,,,,,,
106962,NPI-Otake (Imerys),"1-18, 2 Chome Higashisakae,Otake  Hiroshima, 739-0601 JP",,,257511,40,,Prox25,,USD,0,25019,0,0,0,10.000000000000,0,,1001,2,,,,,,,JP,,FCA,,,,739-0601,,,,,,,,,EXEMPT,,CHECK,,,,NPI-Otake,,0,,,0,,,en-us,,,,,,0,,,,Hiroshima,"1-18, 2 Chome Higashisakae,Otake ",,,0,,,,IMERYS,0,,,,,0,0,2,577074,,,00000000-0000-0000-0000-000000000000,0,NULL,A,MG_00_B&P_CTB_XX,,,,,,,42000,,,0,7/30/20 21:30,7/21/20 13:02,1612,1377088913,5637343584,,1821,0,,,,C,0,7/21/2020,Medium Risk,Ship to,0,0,0.000000000000,1/1/1900,NULL,,,0,1/1/1900,0.000000000000,,1/1/1900,0.000000000000,7/21/2020,12/31/2070,0,0,1,FontP,FontP,,mhogan,1/1/1900,,,0,0,0,0,,,1/1/1900,1/1/1900,0,1,1/1/1900,I,,EXP,FAKE,,,1,,7/21/2021,0,,0,0,0,0,0,0,0,0,0,,,0,0,0,RealG,FontP,0,,,,0,0,0,0,5,0,0,0,,,,,,,NULL,0,0,0,,,,,,,,,,,,,,,,,,,,,,,,,,,,,,,,,,,,,,,,,,,,,,,,,,,,,,,,,,,,,,,,,,,,,,,,,,,,,,,,,,,,,,,,,,,,,,,,,,,,,,,,,,,,,,,,,
106977,Piedra Grande  S.A.M.I.C.A. Y F.,Balcarce 880 ? 5 Piso C.A.B.A.   C1064AAR Cuidad de Buenos Aires AR,,,,10,,,,USD,0,30038,2,0,0,10.000000000000,0,,1001,2,,,,,,,AR,,CIF,,,,C1064AAR,,,,,,,,,EXEMPT,,CHECK,,,,Piedra Grande,,0,,,0,,,en-us,,,,,,0,,,,Cuidad de Buenos Aires,Balcarce 880 ? 5 Piso C.A.B.A.  ,,,0,,,,,0,,,,,0,0,2,577288,,,00000000-0000-0000-0000-000000000000,0,NULL,B1,AB_13_FX_235_EF,,,,,,,20000,,,0,8/12/20 14:58,7/24/20 15:36,1612,1753657196,5637344085,,1,0,,,,D,0,8/12/2020,High Risk,Country risk,0,0,0.000000000000,1/1/1900,NULL,,MLO,0,1/1/1900,0.000000000000,,1/1/1900,0.000000000000,7/24/2020,12/31/2070,0,0,1,FontP,FontP,,PSchmidt,1/1/1900,,,0,0,0,0,,,1/1/1900,1/1/1900,1,1,1/1/1900,Direct,,EXPCC,FAKE,,,1,,7/31/2021,0,,0,0,0,0,0,0,0,0,0,,,0,0,0,LongM,FontP,0,,,,0,0,0,0,1,0,0,0,,,,,,,NULL,0,0,0,,,,,,,,,,,,,,,,,,,,,,,,,,,,,,,,,,,,,,,,,,,,,,,,,,,,,,,,,,,,,,,,,,,,,,,,,,,,,,,,,,,,,,,,,,,,,,,,,,,,,,,,,,,,,,,,,
106978,Al Jazeera Factory For Paints Co.-Egypt (Imerys),"Industrial  Area A5, 10th Of Ramadhan City Ramadhan City",,,252991,40,,,,USD,0,25020,0,0,0,10.000000000000,0,,1001,2,,,,,,,EG,,CIF,,,,,,,,,,,,,EXEMPT,,,,,,AL-Jazeera(Egypt),,0,,,0,,,en-us,,,,,,0,,,,Ramadhan City,"Industrial  Area A5, 10th Of Ramadhan City",,,0,,,,IMERYS,0,,,,,0,0,2,577294,,,00000000-0000-0000-0000-000000000000,0,NULL,B1,AB_13_BO_235_EF,,,,,,,12700,,,0,7/30/20 21:30,7/24/20 18:07,1612,579875,5637344087,,1116,0,,,,D,0,7/27/2020,High Risk,Ship to,0,0,0.000000000000,1/1/1900,NULL,,,0,1/1/1900,0.000000000000,,1/1/1900,0.000000000000,7/24/2020,12/31/2070,0,0,1,FontP,FontP,,mhogan,1/1/1900,,,0,0,0,0,,,1/1/1900,1/1/1900,0,1,1/1/1900,I,,EXPCC,FAKE,,,1,,7/27/2021,0,,0,0,0,0,0,0,0,0,0,,,0,0,0,RealG,FontP,0,,,,0,0,0,0,2,0,0,0,,,,,,,NULL,0,0,0,,,,,,,,,,,,,,,,,,,,,,,,,,,,,,,,,,,,,,,,,,,,,,,,,,,,,,,,,,,,,,,,,,,,,,,,,,,,,,,,,,,,,,,,,,,,,,,,,,,,,,,,,,,,,,,,,
106982,PPG - Cleveland - Snow Rd (Wolf),"18901 Snow Rd Dock Door 53 Brook Park, OH 44142",,,252711,10,,30,,USD,0,10020,0,0,0,10.000000000000,0,,1001,2,,,,,,,US,,COL,,,,44142,OH,1355,,,,,,,EXEMPT,,CHECK,,,,PPG - Cleveland-Snow,,0,,,0,,,en-us,,,,,,0,,,,Brook Park,18901 Snow Rd Dock Door 53,,,0,,,,PPG,0,,,,,0,0,2,577569,,,00000000-0000-0000-0000-000000000000,0,NULL,B1,AB_13_BO_235_EF,,,,,,,11300,,,0,7/30/20 21:30,7/28/20 17:07,1612,843637379,5637344098,,1,0,,,,B,0,7/28/2020,Low Risk,Ship to,0,0,0.000000000000,1/1/1900,NULL,,,0,1/1/1900,0.000000000000,,1/1/1900,0.000000000000,7/28/2020,12/31/2070,0,0,1,FontP,FontP,,EOliver,1/1/1900,,,0,0,0,0,,,1/1/1900,1/1/1900,1,0,1/1/1900,D,,DOMCC,Fake,,,1,,7/28/2021,0,,0,0,0,0,0,0,0,0,0,,,0,0,0,RealG,FontP,0,,,,0,0,0,0,,0,0,0,,,,,,,NULL,0,0,0,,,,,,,,,,,,,,,,,,,,,,,,,,,,,,,,,,,,,,,,,,,,,,,,,,,,,,,,,,,,,,,,,,,,,,,,,,,,,,,,,,,,,,,,,,,,,,,,,,,,,,,,,,,,,,,,,
106993,Zurechem For Coatings(Alexandria)-Imerys,"2nd Industrial Zone Plot 2,Block 24 Borg El Arab 21500 Alexandria",,,252991,40,,30,,USD,0,,0,0,0,10.000000000000,0,,1001,2,,,,,,,EG,,CIF,,,,21500,,,,,,,,,EXEMPT,,CHECK,,,,Zurechem For Coating,,0,,,0,,,en-us,,,,,,0,,,,Alexandria,"2nd Industrial Zone Plot 2,Block 24 Borg El Arab",,,0,,,,IMERYS,0,,,,,0,0,2,578092,,,00000000-0000-0000-0000-000000000000,0,NULL,B1,AB_13_BO_235_EF,,,,,,,12700,,,0,8/3/20 12:05,7/31/20 19:18,1612,541335961,5637343850,,1116,0,,,,B,0,8/3/2020,Low Risk,Ship to,0,0,0.000000000000,1/1/1900,NULL,,MLO,0,1/1/1900,0.000000000000,,1/1/1900,0.000000000000,7/31/2020,12/31/2070,0,0,1,FontP,FontP,,mhogan,1/1/1900,,,0,0,0,0,,,1/1/1900,1/1/1900,0,1,1/1/1900,I,,EXPCC,FAKE,,,1,,8/3/2022,0,,0,0,0,0,0,0,0,0,0,,,0,0,0,LongM,FontP,0,,,,0,0,0,0,,0,0,0,,,,,,,NULL,0,0,0,,,,,,,,,,,,,,,,,,,,,,,,,,,,,,,,,,,,,,,,,,,,,,,,,,,,,,,,,,,,,,,,,,,,,,,,,,,,,,,,,,,,,,,,,,,,,,,,,,,,,,,,,,,,,,,,,
252992,Imerys Minerals Malaysia - PAYER (PM),"Suite 20.03  20th Floor Menara 1GB Mid Valley City,Lingkaran 59200 Syed Putra MY",,,,40,,Prox25,,USD,0,10046,2,0,4,10000000.000000000000,0,,1001,2,,,,,,,MY,,CFR,,,,59200,Kuala Lump,,,,,,,,EXEMPT,,CHECK,,,,18373,,0,,,0,,,en-us,25th,,,,,1,,,,Syed Putra,"Suite 20.03  20th Floor Menara 1GB Mid Valley City,Lingkaran",,,0,,,,IMERYS,0,,,,,0,0,2,107039,,,00000000-0000-0000-0000-000000000000,0,NULL,B1,AE_38_BU_236_CD,,,,,,,40000,,,0,7/14/20 12:50,2/26/20 17:14,1612,970774763,5637336330,,1830,0,,,,,0,1/1/1900,,,0,0,0.000000000000,1/1/1900,NULL,,,0,1/1/1900,0.000000000000,,1/1/1900,0.000000000000,1/1/2013,12/31/2063,0,0,1,kb,kb,,PSchmidt,1/1/1900,,,0,0,0,0,,,1/1/1900,1/1/1900,0,1,1/1/1900,I,,EXPCC,652025354,,,0,,6/1/2021,0,,0,0,0,0,0,0,0,0,0,,,0,0,0,LongM,FontP,0,,,,0,0,0,0,,0,0,0,,,,,,,NULL,0,0,0,,,,,,,,,,,,,,,,,,,,,,,,,,,,,,,,,,,,,,,,,,,,,,,,,,,,,,,,,,,,,,,,,,,,,,,,,,,,,,,,,,,,,,,,,,,,,,,,,,,,,,,,,,,,,,,,,
253396,National Gypsum - Orlando,"1650 Central Florida Pkwy Ste 102 Orlando, FL 32837-9411",,,,10,,45,,USD,0,10013,0,0,4,350000.000000000000,0,,1001,2,,,,,,,US,,COL,,,,32837-9411,FL,274,," apinvoices@nationalgypsum.com,",,,,,EXEMPT,,CHECK,,,,12191,,0,,,0,,,en-us,,,,,,1,,,,Orlando,1650 Central Florida Pkwy Ste 102,,,0,,,,NATGYPSUM,0,,,,,0,0,2,107771,,,00000000-0000-0000-0000-000000000000,0,NULL,B1D,AA_02_DH_236_DX,,,,,,,11200,,,0,3/3/20 18:20,10/9/19 13:24,1612,1230448502,5637328895,,1,0,,,,,0,1/1/1900,,,0,0,0.000000000000,1/1/1900,NULL,,,0,1/1/1900,0.000000000000,,1/1/1900,0.000000000000,1/1/2013,12/31/2063,0,0,1,kb,kb,,,1/1/1900,089986319,ORL01,1,0,0,0,11200,,1/1/1900,1/1/1900,1,0,1/1/1900,Direct,01,EDIBULKCC,610361722,,,0,,1/1/1900,0,,0,0,0,0,0,0,0,0,0,,,0,0,0,FontP,FontP,0,,,,0,0,0,0,,0,0,0,,,,,,,NULL,0,0,0,,,,,,,,,,,,,,,,,,,,,,,,,,,,,,,,,,,,,,,,,,,,,,,,,,,,,,,,,,,,,,,,,,,,,,,,,,,,,,,,,,,,,,,,,,,,,,,,,,,,,,,,,,,,,,,,,
258015,Owens Corning - PAYER,"PO Box 9172 Canton, MA 02021",,,,10,,60,2%D15,USD,0,30043,0,0,0,200000.000000000000,0,,1001,2,,,,,,,US,,,,,,02021,MA,808,,,,,,,EXEMPT,,CHECK,,,,K10261,,0,,,0,,,en-us,,,,,,1,,,,Canton,PO Box 9172,,,0,,,,OWENS CORN,0,,,,,0,0,2,324379,,,00000000-0000-0000-0000-000000000000,0,NULL,B3,,,,,,,,11400,,,0,7/30/20 21:31,10/23/19 19:15,1612,1528908494,5637330078,,1,0,,,,C,0,11/14/2019,Medium Risk,Financials available,0,0,0.000000000000,1/1/1900,Strategy code 80,,,0,1/1/1900,0.000000000000,,1/1/1900,0.000000000000,1/1/2013,12/31/2050,0,0,1,kb,kb,,,1/1/1900,,,0,0,0,0,,,1/1/1900,1/1/1900,1,0,1/1/1900,,,,065222216,,,0,,11/14/2020,0,,0,0,0,0,0,0,0,0,0,,,0,0,0,RealG,FontP,0,,,,0,0,0,0,,0,0,0,,,,,,,NULL,0,0,0,,,,,,,,,,,,,,,,,,,,,,,,,,,,,,,,,,,,,,,,,,,,,,,,,,,,,,,,,,,,,,,,,,,,,,,,,,,,,,,,,,,,,,,,,,,,,,,,,,,,,,,,,,,,,,,,,
258248,Catalina China - Tucson,"1600 S Cherrybell Stra. Tucson, AZ  85713",,,,10,,30,,USD,0,30006,0,0,0,10.000000000000,0,,1001,2,,,,,,,US,,COL,,,,85713,AZ,121,,,,,,,EXEMPT,,CHECK,,,,K10679,,0,,,0,,,en-us,,,,,,1,,,,Tucson,1600 S Cherrybell Stra.,,,0,,,,,0,,,,,0,0,2,324845,,,00000000-0000-0000-0000-000000000000,0,Setup for interco cross posting of cash,B3,,,,,,,,11100,,,0,7/30/20 21:31,2/21/20 15:54,1612,1571163524,5637333362,,1,0,,,,C,0,2/21/2020,Medium Risk,Country risk,0,0,0.000000000000,1/1/1900,NULL,,,0,1/1/1900,0.000000000000,,1/1/1900,0.000000000000,1/1/2013,12/31/2050,0,0,1,FontP,FontP,,,1/1/1900,,,0,0,0,0,11100,AZ,1/1/1900,1/1/1900,1,0,1/1/1900,,,,613146570,,,0,,8/22/2019,0,,0,0,0,0,0,0,0,0,0,,,0,0,0,RealG,FontP,0,,,,0,0,0,0,,0,0,0,,,,,C,,NULL,0,0,0,,,,,,,,,,,,,,,,,,,,,,,,,,,,,,,,,,,,,,,,,,,,,,,,,,,,,,,,,,,,,,,,,,,,,,,,,,,,,,,,,,,,,,,,,,,,,,,,,,,,,,,,,,,,,,,,,
258287,Laguna Clay - City of Industry,"14400 Lomitas Ave City of Industry, CA  91744",,,102615,10,,30,,USD,0,60068,0,0,4,10.000000000000,0,,1001,2,,,,,,,US,,COL,,,,91744,CA,141,,,,,,,EXEMPT,,CHECK,,,,Laguna Clay-CA,,0,,,0,,,en-us,,,,,,1,,,,City of Industry,14400 Lomitas Ave,,,0,,,,TCR,0,,,,,0,0,2,324923,,,00000000-0000-0000-0000-000000000000,0,NULL,B1,,,,,,,,11100,,,0,7/30/20 21:31,1/22/20 16:38,1612,252905340,5637333080,,1,0,,,,C,0,1/26/2020,Medium Risk,Ship to,0,0,0.000000000000,1/1/1900,NULL,,,0,1/1/1900,0.000000000000,,1/1/1900,0.000000000000,1/1/2013,12/31/2050,0,0,1,cpear,cpear,,EOliver,1/1/1900,,,0,0,0,0,11100,CA,1/1/1900,1/1/1900,1,0,1/1/1900,C,,DOMCC,096102678,,,0,,1/26/2021,0,,0,0,0,0,0,0,0,0,0,,,0,0,0,RealG,FontP,0,,,,0,0,0,0,,0,0,0,,,,,,,NULL,0,0,0,,,,,,,,,,,,,,,,,,,,,,,,,,,,,,,,,,,,,,,,,,,,,,,,,,,,,,,,,,,,,,,,,,,,,,,,,,,,,,,,,,,,,,,,,,,,,,,,,,,,,,,,,,,,,,,,,
258300,Owens Corning Fiberglas - Amarillo,"1701 Hollywood Rd  Amarillo, TX 79114",,,258015,10,,60,2%D15,USD,0,30072,0,0,4,1.000000000000,0,,1001,2,,,,,,,US,,COL,,,,79114,TX,1789,,,,,,,EXEMPT,,CHECK,,,,K10799,,0,,,0,,,en-us,,,,,,1,,,,Amarillo,1701 Hollywood Rd ,,,0,,,,OWENS CORN,0,,,,,0,0,2,324949,,,00000000-0000-0000-0000-000000000000,0,Per Paul he is using this account 11/1/19...fiona,B3,AI_46_FIB_FIB_XX,,,,,,,11400,,,0,7/30/20 21:31,10/23/19 19:15,1612,1255676191,5637330077,,1,0,,,,C,0,10/25/2019,Medium Risk,Active,0,0,0.000000000000,1/1/1900,NULL,,,0,1/1/1900,0.000000000000,,1/1/1900,0.000000000000,1/1/2013,12/31/2050,0,0,1,cpear,cpear,,smaliti,1/1/1900,,,0,0,0,0,11400,,1/1/1900,1/1/1900,1,0,1/1/1900,C,,DOMCC,039049374,,,0,,10/25/2020,0,,0,0,0,0,0,0,0,0,0,,,0,0,0,RealG,FontP,0,,,,0,0,0,0,,0,0,0,,,,,C,,NULL,0,0,0,,,,,,,,,,,,,,,,,,,,,,,,,,,,,,,,,,,,,,,,,,,,,,,,,,,,,,,,,,,,,,,,,,,,,,,,,,,,,,,,,,,,,,,,,,,,,,,,,,,,,,,,,,,,,,,,,
258928,Norbord Mississippi - Guntown,"1194 Highway 145 Guntown, MS  38849",,,,10,,30,,USD,0,30071,0,0,0,50000.000000000000,0,,1001,2,,,,,,,US,,CPT,,,,38849,MS,1032,,,,,,,EXEMPT,,CHECK,,,,Norbord-Guntown,,0,,,0,,,en-us,,,,,,1,,,,Guntown,1194 Highway 145,,,0,,,,NORBORD,0,,,,,0,0,2,326205,,,00000000-0000-0000-0000-000000000000,0,NULL,B3,AI_07_AUR_AUR_XX,,,,,,,11200,,,0,7/30/20 21:31,8/9/19 18:10,1612,1071349872,5637326340,,1,0,,,,C,0,1/1/1900,Medium Risk,MgtDecision,0,0,0.000000000000,1/1/1900,NULL,,,0,1/1/1900,0.000000000000,,1/1/1900,0.000000000000,1/1/2013,12/31/2050,0,0,1,FontP,FontP,,sholmes,1/1/1900,,,0,0,0,0,11200,,1/1/1900,1/1/1900,1,0,1/1/1900,C,,DOMCC,FAKE,,,0,,8/13/2021,0,,0,0,0,0,0,0,0,0,0,,,0,0,0,RealG,FontP,0,,,,0,0,0,1,15,0,0,0,,,,,,,NULL,0,0,0,,,,,,,,,,,,,,,,,,,,,,,,,,,,,,,,,,,,,,,,,,,,,,,,,,,,,,,,,,,,,,,,,,,,,,,,,,,,,,,,,,,,,,,,,,,,,,,,,,,,,,,,,,,,,,,,,
280799,Stadacona WB S.E.C. - Quebec,"10, boulevard des Capucins Quebec, QC  G1J 3R4 CA",,,,10,,30,,USD,0,20010,2,0,0,35000.000000000000,0,,1001,2,,,,,,,CA,,FCA,,,,G1J 3R4,QC,,,,,,,,EXEMPT,,CHECK_TALC,,,,13281-USA,,0,,,0,,,en-us,,,,,,0,,,,Quebec,"10, boulevard des Capucins",,,0,,,,STADACONA,0,,,,,0,0,2,468570,,,00000000-0000-0000-0000-000000000000,0,D&B shows 23 days late ,,,,,,,,,,,,0,7/30/20 21:31,11/8/19 14:34,1612,1513403993,5637330091,,1,0,,,,D,0,11/8/2019,High Risk,Late,0,0,0.000000000000,1/1/1900,NULL,,,0,1/1/1900,0.000000000000,,1/1/1900,0.000000000000,1/1/2017,12/31/2067,0,0,1,LLope,LLope,,smaliti,1/1/1900,,,0,0,0,0,,,1/1/1900,1/1/1900,1,0,1/1/1900,C,,SLURRY,FAKE,,,0,,11/8/2021,0,,0,0,0,0,0,0,0,0,0,,,0,0,0,RealG,LLope,0,,,,0,0,0,0,7,0,0,0,,,,,,,NULL,0,0,0,,,,,,,,,,,,,,,,,,,,,,,,,,,,,,,,,,,,,,,,,,,,,,,,,,,,,,,,,,,,,,,,,,,,,,,,,,,,,,,,,,,,,,,,,,,,,,,,,,,,,,,,,,,,,,,,,
282377,Congoleum Corp.-Finksburg,"2700 Emory Road Finksburg, MD 21048-2335",,,,10,,30,,USD,0,25010,2,0,0,10.000000000000,0,,1001,2,,,,,,,US,,FCA,,,,21048-2335,MD,826,,,,,,,EXEMPT,,CHECK_TALC,,,,10955-USA,,0,,,0,,,en-us,,,,,,0,,,,Finksburg,2700 Emory Road,,,0,,,,,0,,,,,0,0,2,489283,,,00000000-0000-0000-0000-000000000000,0,no credit application,A,FE_HM_WI_000_XX,,,,,,,11100,,,0,10/16/19 16:57,9/27/19 16:09,1612,506875929,5637328578,,1,0,,,,,0,9/27/2019,,,0,0,0.000000000000,1/1/1900,NULL,,,0,1/1/1900,0.000000000000,,1/1/1900,0.000000000000,1/1/2017,12/31/2067,0,0,1,samps,samps,,BJones,1/1/1900,,,0,0,0,0,,,1/1/1900,1/1/1900,1,0,1/1/1900,C,,DOMCC,FAKE,,,0,,1/1/1900,0,,0,0,0,0,0,0,0,0,0,,,0,0,0,LongM,FontP,0,,,,0,0,0,0,,0,0,0,,,,,,,NULL,0,0,0,,,,,,,,,,,,,,,,,,,,,,,,,,,,,,,,,,,,,,,,,,,,,,,,,,,,,,,,,,,,,,,,,,,,,,,,,,,,,,,,,,,,,,,,,,,,,,,,,,,,,,,,,,,,,,,,,
