"CUSTGROUP","ORDERACCOUNT","INVOICEACCOUNT","INVOICEDATE","DUEDATE","CASHDISCDATE","CURRENCYCODE","DIMENSION","DIMENSION2_","DIMENSION3_","LISTCODE","PAYMENT","CASHDISCCODE","POSTINGPROFILE","TAXGROUP","TAXITEMGROUP","ONETIMECUSTOMER","PAYMENTSCHED","CUSTOMERREF","VATNUM","NUMBERSEQUENCEGROUP","LANGUAGEID","LOG","NAME","ADDRESS","ZIPCODE","COUNTY","COUNTRYREGIONID","STATE","CONTACTPERSONID","POSTED","INVOICEID","PURCHORDERFORMNUM","PAYMMODE","PAYMSPEC","CITY","STREET","SALESTAKER","DOCUMENTDATE","DLVTERM","TOUCHED","CUSTBANKACCOUNTID","DLVCOUNTRYREGIONID","DLVCOUNTY","DLVSTATE","EINVOICEACCOUNTCODE","EINVOICELINESPEC","INTERCOMPANYPOSTED","RELEASEDATE","RELEASEDATETZID","CREATEDDATETIME","DEL_CREATEDTIME","CREATEDBY","DATAAREAID","RECVERSION","RECID","DIMENSION4_","DIMENSION5_","CUSTCLAIMID","COVSTATUS","IMSTOTALAMOUNT","IIMOURREFERENCE","IMSORIGPAYMRECID","IMSPAYMDIFFCODE","IMSORIGPAYMCOMPANY","IIMUUID","IIMEXTERNALAPPROVEDCREDIT40010","IIMCREDITNOTEAPPROVALNOTR40011","MODIFIEDDATETIME","MODIFIEDBY","IIMUSOCFDI"
"10","101000","101000","2019-12-17 00:00:00","2019-12-17 00:00:00","1900-01-01 00:00:00","USD","","1001","2","0","CIA","","ARTrade","EXEMPT","ALL","0","","","","","en-us","","One Time Customer","","","","","","","0","","","CHECK","","","","KHC","1900-01-01 00:00:00","","0","","","","","","0","0","1900-01-01 00:00:00","0","2019-12-17 22:22:31","62551","CarpK","1612","1","5637311330","","1","","0",".000000000000","","0","","","","","0","2019-12-17 22:22:31","CarpK",""
"10","101595","101595","2020-02-11 00:00:00","2020-02-26 00:00:00","2020-02-26 00:00:00","USD","","1001","2","0","15","1%D15","ARTrade","EXEMPT","ALL","0","","220796-0    2/10/2020","","","EN-US","","Verso Paper Holding LLC.","For: Verso Minnesota Wisconsin LLC a subsidary of Verso Corporation
P.O. Box 1815
Miamisburg, OH 45343","45343","1392","US","OH","","1","1612F012079","","CHECK_KAO","","Miamisburg","For: Verso Minnesota Wisconsin LLC a subsidary of Verso Corporation
P.O. Box 1815","KHC","1900-01-01 00:00:00","DLV","0","","US","1392","OH","","0","0","1900-01-01 00:00:00","0","2020-02-11 16:16:08","40568","CarpK","1612","2036725808","5637313076","","1","","0","475.000000000000","Demurrage Freight - Line Plugged","0","","","","","0","2020-02-11 16:26:52","CarpK",""
"10","102173","102173","2020-03-03 00:00:00","2020-03-18 00:00:00","1900-01-01 00:00:00","USD","","1001","2","0","15","","ARTrade","","","0","","UTLX301480 NO OPEN CREDIT,WFRX116466 NO OPEN CREDIT,WFRX1164","","","en-us","","ND Paper Inc.","35 Hartford Street
Rumford, ME 04276-2045","04276-2045","852","US","ME","","1","1612DM000096","","CHECK","","Rumford","35 Hartford Street","","1900-01-01 00:00:00","","0","","","","","","0","0","1900-01-01 00:00:00","0","2020-03-03 14:54:11","35651","amaga","1612","1173162354","5637313853","","1","","0","16659.820000000000","","0","CuDiff","1612","","","0","2020-03-03 14:54:15","amaga",""
"10","102234","102234","2020-06-05 00:00:00","2020-07-05 00:00:00","1900-01-01 00:00:00","USD","2503","1001","2","0","30","","ARTrade","EXEMPT","ALL","0","","1612S139548R002","","","en-us","","Twin Rivers Paper Co. - Madawaska","82 Bridge Ave
Attn: Accounts Payable
Madawaska, ME 04756","04756","845","US","ME","","1","1612F012106","7538 (2020)","CHECK","","Madawaska","82 Bridge Ave
Attn: Accounts Payable","ldlopez","1900-01-01 00:00:00","COL","0","","US","845","ME","","0","0","1900-01-01 00:00:00","0","2020-06-05 21:15:10","62110","LLope","1612","1852608233","5637318928","","1","","0","9261.550000000000","SBR-000173","0","","","","","0","2020-06-08 14:16:17","LLope",""
"10","102234","102234","2020-06-05 00:00:00","2020-07-05 00:00:00","1900-01-01 00:00:00","USD","2503","1001","2","0","30","","ARTrade","EXEMPT","ALL","0","","1612S139974R001","","","en-us","","Twin Rivers Paper Co. - Madawaska","82 Bridge Ave
Attn: Accounts Payable
Madawaska, ME 04756","04756","845","US","ME","","1","1612F012107","7538 (2020)","CHECK","","Madawaska","82 Bridge Ave
Attn: Accounts Payable","ldlopez","1900-01-01 00:00:00","COL","0","","US","845","ME","","0","0","1900-01-01 00:00:00","0","2020-06-05 21:32:13","63133","LLope","1612","45692336","5637318929","","1","","0","9261.550000000000","SBR-000174","0","","","","","0","2020-06-08 14:16:37","LLope",""
"10","102234","102234","2020-06-05 00:00:00","2020-07-05 00:00:00","1900-01-01 00:00:00","USD","2503","1001","2","0","30","","ARTrade","EXEMPT","ALL","0","","1612S139848R003","","","en-us","","Twin Rivers Paper Co. - Madawaska","82 Bridge Ave
Attn: Accounts Payable
Madawaska, ME 04756","04756","845","US","ME","","1","1612F012108","7538 (2020)","CHECK","","Madawaska","82 Bridge Ave
Attn: Accounts Payable","ldlopez","1900-01-01 00:00:00","COL","0","","US","845","ME","","0","0","1900-01-01 00:00:00","0","2020-06-05 21:36:23","63383","LLope","1612","583296183","5637318930","","1","","0","9261.550000000000","SBR-000175","0","","","","","0","2020-06-08 14:16:54","LLope",""
"10","102234","102234","2020-07-20 00:00:00","2020-08-19 00:00:00","1900-01-01 00:00:00","USD","2507","1001","2","0","30","","ARTrade","EXEMPT","ALL","0","","Barrisurf LX Slurry (Tote Bins)","","","en-us","","Twin Rivers Paper Co. - Madawaska","82 Bridge Ave
Attn: Accounts Payable
Madawaska, ME 04756","04756","845","US","ME","","1","1612F012118","8085","CHECK","","Madawaska","82 Bridge Ave
Attn: Accounts Payable","ldlopez","1900-01-01 00:00:00","COL","0","","US","845","ME","","0","0","1900-01-01 00:00:00","0","2020-07-20 13:39:05","34745","LLope","1612","1528245533","5637321076","","1","","0","1881.090000000000","SA-00040014","0","","","","","0","2020-07-20 13:48:40","LLope",""
"10","102543","102543","2019-12-19 00:00:00","2020-01-18 00:00:00","1900-01-01 00:00:00","USD","2503","1001","2","0","30","","ARTrade","EXEMPT","ALL","0","","1612S137523R007 CC12343","","","en-us","","WestRock Invoice Processing","PO Box 100084
Duluth, GA 30096","30096","364","US","GA","","1","1612FC010750","11618184","CHECK","","Duluth","PO Box 100084","ldlopez","1900-01-01 00:00:00","COL","0","","US","364","GA","","0","0","1900-01-01 00:00:00","0","2019-12-19 19:40:56","52856","LLope","1612","410079226","5637310839","","1","","0","-4774.630000000000","CR-NA-01822","0","","","","CR-NA-01822","0","2019-12-19 19:42:51","LLope",""
"10","102543","102543","2020-06-23 00:00:00","2020-07-23 00:00:00","1900-01-01 00:00:00","USD","2503","1001","2","0","30","","ARTrade","EXEMPT","ALL","0","","1612S138002R001 & R002","","","en-us","","WestRock Invoice Processing","PO Box 100084
Duluth, GA 30096","30096","364","US","GA","","1","1612F012112","11618184","CHECK","","Duluth","PO Box 100084","ldlopez","1900-01-01 00:00:00","COL","0","","US","364","GA","","0","0","1900-01-01 00:00:00","0","2020-06-23 15:58:35","43115","LLope","1612","1788976330","5637320345","","1","","0","9561.320000000000","SBR-000186","0","","","","","0","2020-06-23 16:02:09","LLope",""
"10","102866","102866","2020-01-31 00:00:00","2020-03-01 00:00:00","1900-01-01 00:00:00","USD","","1001","2","0","30","","ARTrade","EXEMPT","ALL","0","","","","","en-us","","Thiele Kaolin Company","Attn: Accounts Payable
P.O. Box 1056
Sandersville, GA 31082","31082","437","US","GA","","1","1612F012078","","CHECK","","Sandersville","Attn: Accounts Payable
P.O. Box 1056","KHC","1900-01-01 00:00:00","COL","0","","US","437","GA","","0","0","1900-01-01 00:00:00","0","2020-02-03 17:29:28","44968","CarpK","1612","405457941","5637312626","","1","","0","12006.000000000000","","0","","","","","0","2020-02-03 17:34:15","CarpK",""
"10","103202","103202","2020-05-19 00:00:00","2020-06-18 00:00:00","1900-01-01 00:00:00","USD","","1001","2","0","30","","ARTrade","","","0","","Wire 05/15/2020","","","en-us","","Azelis Canada Inc.","1570 Ampere
Suite 106
Boucherville, QC  J4B 7L4
CA","J4B 7L4","","CA","QC","","1","1612DM000099","","CHECK","","Boucherville","1570 Ampere
Suite 106","","1900-01-01 00:00:00","","0","","","","","","0","0","1900-01-01 00:00:00","0","2020-05-19 16:35:27","45327","amaga","1612","800452181","5637317610","","1","","0","356.600000000000","","0","CuDiff","1612","","","0","2020-05-19 16:35:28","amaga",""
"10","103202","103202","2020-06-09 00:00:00","2020-07-09 00:00:00","1900-01-01 00:00:00","USD","","1001","2","0","30","","ARTrade","","","0","","Wire 06/05/2020","","","en-us","","Azelis Canada Inc.","1570 Ampere
Suite 106
Boucherville, QC  J4B 7L4
CA","J4B 7L4","","CA","QC","","1","1612DM000100","","CHECK","","Boucherville","1570 Ampere
Suite 106","","1900-01-01 00:00:00","","0","","","","","","0","0","1900-01-01 00:00:00","0","2020-06-09 18:39:05","52745","amaga","1612","1618085466","5637319407","","1","","0","546.500000000000","","0","CuDiff","1612","","","0","2020-06-09 18:39:06","amaga",""
"10","103399","103399","2020-07-24 00:00:00","2020-09-07 00:00:00","1900-01-01 00:00:00","USD","2507","1001","2","0","45","","ARTrade","EXEMPT","ALL","0","","XPO Logistics 515-090601","","","en-us","","Neenah Paper Inc.","1376 Kimberly Drive
Neenah, WI 54956-1641","54956-1641","2021","US","WI","","1","1612F012124","E-100 Tote Bins","CHECK","","Neenah","1376 Kimberly Drive","ldlopez","1900-01-01 00:00:00","COL","0","","US","2021","WI","","0","0","1900-01-01 00:00:00","0","2020-07-24 20:32:27","59547","LLope","1612","1435006088","5637321599","","1","","0","500.000000000000","SA-00027819","0","","","","","0","2020-07-24 20:35:58","LLope",""
"10","103676","103676","2020-03-19 00:00:00","2020-06-17 00:00:00","1900-01-01 00:00:00","USD","2001","1001","2","0","D/A 90 day","","ARTrade","EXEMPT","ALL","0","","RE;1612S136841R001;1612174783","","","EN-US","","Kansai Nerolac Paints Ltd.","Ganpatrao Kadam Marg
400013 Lower Parel  Mumbai
IN","400013","","IN","","","1","1612FC010779","4200026168-C","CHECK","","Lower Parel  Mumbai","Ganpatrao Kadam Marg","PJF","1900-01-01 00:00:00","CIF","0","","IN","","","","0","0","1900-01-01 00:00:00","0","2020-03-19 12:46:54","31614","FontP","1612","1191197279","5637314845","","1","","0","-560.000000000000","CR-NA-02366","0","","","","CR-NA-02366","0","2020-03-19 12:51:57","FontP",""
"10","103681","103681","2019-10-11 00:00:00","2019-12-10 00:00:00","1900-01-01 00:00:00","USD","","1001","3","0","DP Sight","","ARTrade","EXEMPT","ALL","0","","1612S131933R001;1612172248","","","EN-US","","Oswal Cable Products Pvt. Ltd.","A-93/1 Wazirpur Group
Industrial Area,
110052 New Delhi
IN","110052","","IN","","","1","1612FC010735","461-F","CHECK","","New Delhi","A-93/1 Wazirpur Group
Industrial Area,","PJF","1900-01-01 00:00:00","CFR","0","","IN","","","","0","0","1900-01-01 00:00:00","0","2019-10-11 15:52:30","42750","FontP","1612","1691633688","5637307170","","1","","0","-864.450000000000","CR-NA-01347","0","","","","CR-NA-01347","0","2019-10-11 15:59:17","FontP",""
"10","103691","103691","2020-01-24 00:00:00","2020-03-24 00:00:00","1900-01-01 00:00:00","USD","","1001","3","0","TT Net 60","","ARTrade","EXEMPT","ALL","0","","1612S134826;1612170677","","","en-us","","Trump Chemical Corp.","4F, No. 184, Hsin-Yi  Rd.                   Sec. 4
Taipei, TW","","","TW","","","1","1612FC010764","CL-201902","CHECK","","Taipei","4F, No. 184, Hsin-Yi  Rd.                   Sec. 4","PJF","1900-01-01 00:00:00","CFR","0","","TW","","","","0","0","1900-01-01 00:00:00","0","2020-01-24 14:24:07","33847","FontP","1612","1774706619","5637311579","","1","","0","-55.670000000000","CR-NA-01966","0","","","","CR-NA-01966","0","2020-01-24 14:28:53","FontP",""
"10","103691","103691","2020-02-13 00:00:00","2020-04-13 00:00:00","1900-01-01 00:00:00","USD","2501","1001","3","0","TT Net 60","","ARTrade","EXEMPT","ALL","0","","1612S134826;1612170677","","","en-us","","Trump Chemical Corp.","4F, No. 184, Hsin-Yi  Rd.                   Sec. 4
Taipei, TW","","","TW","","","1","1612F012085","CL-201902","CHECK","","Taipei","4F, No. 184, Hsin-Yi  Rd.                   Sec. 4","PJF","1900-01-01 00:00:00","CFR","0","","TW","","","","0","0","1900-01-01 00:00:00","0","2020-02-13 14:24:12","33852","FontP","1612","1861666205","5637312364","","1","","0","55.670000000000","CR-NA-02130  reversal ofCR-NA-01966","0","","","","","0","2020-02-13 14:27:10","FontP",""
"10","103691","103691","2020-02-13 00:00:00","2020-04-13 00:00:00","1900-01-01 00:00:00","USD","2501","1001","3","0","TT Net 60","","ARTrade","EXEMPT","ALL","0","","1612S134826;1612170677","","","en-us","","Trump Chemical Corp.","4F, No. 184, Hsin-Yi  Rd.                   Sec. 4
Taipei, TW","","","TW","","","1","1612FC010769","CL-201902","CHECK","","Taipei","4F, No. 184, Hsin-Yi  Rd.                   Sec. 4","PJF","1900-01-01 00:00:00","CFR","0","","TW","","","","0","0","1900-01-01 00:00:00","0","2020-02-13 14:28:18","34098","FontP","1612","1958489885","5637312365","","1","","0","-34.070000000000","CR-NA-02130","0","","","","CR-NA-02130","0","2020-02-13 14:28:59","FontP",""
"10","103692","103692","2020-02-20 00:00:00","2020-04-20 00:00:00","1900-01-01 00:00:00","USD","2501","1001","3","0","TT Net 60","","ARTrade","EXEMPT","ALL","0","","1612S135478;1612172085","","","en-us","","WWRC Malaysia Sdn. Bhd.","NO.8, Jalan Sejahtera  25/124
Axis Premier Ind. Park
Section 25
40400 Shah Alam
MY","40400","","MY","","","1","1612FC010771","PO#189712-A","CHECK","","Shah Alam","NO.8, Jalan Sejahtera  25/124
Axis Premier Ind. Park
Section 25","PJF","1900-01-01 00:00:00","CIF","0","","MY","","","","0","0","1900-01-01 00:00:00","0","2020-02-20 18:20:56","48056","FontP","1612","2014217454","5637313335","","1","","0","-1445.780000000000","CR-NA-02189","0","","","","CR-NA-02189","0","2020-02-20 18:24:00","FontP",""
"10","104312","104312","2019-11-21 00:00:00","2020-01-20 00:00:00","1900-01-01 00:00:00","USD","2503","1001","3","0","60","","ARTrade","EXEMPT","ALL","0","","1612S137635R009 TK:2227 TL:LT466","","","en-us","","WestRock Southeast LLC","PO Box 100084
Duluth, GA 30096","30096","364","US","GA","","1","1612F012065","11893197","CHECK","","Duluth","PO Box 100084","ldlopez","1900-01-01 00:00:00","CPT","0","","US","364","GA","","0","0","1900-01-01 00:00:00","0","2019-11-21 16:08:53","40133","LLope","1612","1538594879","5637309331","","1","","0","900.000000000000","Special Billing# SWAR-BJ4LV8","0","","","","Special Billing# SWAR-BJ4","0","2019-11-21 16:23:59","LLope",""
"10","104312","104312","2020-01-09 00:00:00","2020-03-09 00:00:00","1900-01-01 00:00:00","USD","2503","1001","3","0","60","","ARTrade","EXEMPT","ALL","0","","1612S137635R026","","","en-us","","WestRock Southeast LLC","PO Box 100084
Duluth, GA 30096","30096","364","US","GA","","1","1612F012067","11893197","CHECK","","Duluth","PO Box 100084","ldlopez","1900-01-01 00:00:00","CPT","0","","US","364","GA","","0","0","1900-01-01 00:00:00","0","2020-01-09 14:49:18","35358","LLope","1612","2115679463","5637311114","","1","","0","1125.000000000000","SBR-000026","0","","","","","0","2020-01-09 14:52:49","LLope",""
"10","104312","104312","2020-01-09 00:00:00","2020-03-09 00:00:00","1900-01-01 00:00:00","USD","2503","1001","3","0","60","","ARTrade","EXEMPT","ALL","0","","1612S137635R034","","","en-us","","WestRock Southeast LLC","PO Box 100084
Duluth, GA 30096","30096","364","US","GA","","1","1612F012068","11893197","CHECK","","Duluth","PO Box 100084","ldlopez","1900-01-01 00:00:00","CPT","0","","US","364","GA","","0","0","1900-01-01 00:00:00","0","2020-01-09 15:11:17","36677","LLope","1612","369669172","5637311115","","1","","0","1200.000000000000","SBR-000027","0","","","","","0","2020-01-09 15:15:04","LLope",""
"10","104312","104312","2020-01-09 00:00:00","2020-03-09 00:00:00","1900-01-01 00:00:00","USD","2503","1001","3","0","60","","ARTrade","EXEMPT","ALL","0","","1612S139091R001","","","en-us","","WestRock Southeast LLC","PO Box 100084
Duluth, GA 30096","30096","364","US","GA","","1","1612F012069","11893197","CHECK","","Duluth","PO Box 100084","ldlopez","1900-01-01 00:00:00","CPT","0","","US","364","GA","","0","0","1900-01-01 00:00:00","0","2020-01-09 15:21:16","37276","LLope","1612","948281757","5637311116","","1","","0","750.000000000000","SBR-000028","0","","","","","0","2020-01-09 15:23:43","LLope",""
"10","104312","104312","2020-01-09 00:00:00","2020-03-09 00:00:00","1900-01-01 00:00:00","USD","2503","1001","3","0","60","","ARTrade","EXEMPT","ALL","0","","1612S137635R018","","","en-us","","WestRock Southeast LLC","PO Box 100084
Duluth, GA 30096","30096","364","US","GA","","1","1612F012070","11893197","CHECK","","Duluth","PO Box 100084","ldlopez","1900-01-01 00:00:00","CPT","0","","US","364","GA","","0","0","1900-01-01 00:00:00","0","2020-01-09 15:27:05","37625","LLope","1612","1067441082","5637311117","","1","","0","900.000000000000","SBR-000029","0","","","","","0","2020-01-09 15:29:19","LLope",""
"10","104312","104312","2020-01-09 00:00:00","2020-03-09 00:00:00","1900-01-01 00:00:00","USD","2503","1001","3","0","60","","ARTrade","EXEMPT","ALL","0","","1612S137635R029","","","en-us","","WestRock Southeast LLC","PO Box 100084
Duluth, GA 30096","30096","364","US","GA","","1","1612F012071","11893197","CHECK","","Duluth","PO Box 100084","ldlopez","1900-01-01 00:00:00","CPT","0","","US","364","GA","","0","0","1900-01-01 00:00:00","0","2020-01-09 15:33:35","38015","LLope","1612","1678620090","5637311118","","1","","0","150.000000000000","SBR-000030","0","","","","","0","2020-01-09 15:36:15","LLope",""
"10","104312","104312","2020-02-12 00:00:00","2020-04-12 00:00:00","1900-01-01 00:00:00","USD","2503","1001","3","0","60","","ARTrade","EXEMPT","ALL","0","","1612S137656R001","","","en-us","","WestRock Southeast LLC","PO Box 100084
Duluth, GA 30096","30096","364","US","GA","","1","1612F012080","10432965","CHECK","","Duluth","PO Box 100084","ldlopez","1900-01-01 00:00:00","CPT","0","","US","364","GA","","0","0","1900-01-01 00:00:00","0","2020-02-13 01:50:16","75016","LLope","1612","1960743180","5637312359","","1","","0","600.000000000000","SBR-000057","0","","","","","0","2020-02-13 02:00:59","LLope",""
"10","104312","104312","2020-02-12 00:00:00","2020-04-12 00:00:00","1900-01-01 00:00:00","USD","2503","1001","3","0","60","","ARTrade","EXEMPT","ALL","0","","1612S137635R005","","","en-us","","WestRock Southeast LLC","PO Box 100084
Duluth, GA 30096","30096","364","US","GA","","1","1612F012081","11893197","CHECK","","Duluth","PO Box 100084","ldlopez","1900-01-01 00:00:00","CPT","0","","US","364","GA","","0","0","1900-01-01 00:00:00","0","2020-02-13 02:06:28","75988","LLope","1612","156360643","5637312360","","1","","0","900.000000000000","SBR-000058","0","","","","","0","2020-02-13 02:09:51","LLope",""
"10","104312","104312","2020-02-12 00:00:00","2020-04-12 00:00:00","1900-01-01 00:00:00","USD","2503","1001","3","0","60","","ARTrade","EXEMPT","ALL","0","","1612S139136R005","","","en-us","","WestRock Southeast LLC","PO Box 100084
Duluth, GA 30096","30096","364","US","GA","","1","1612F012082","10432965","CHECK","","Duluth","PO Box 100084","ldlopez","1900-01-01 00:00:00","CPT","0","","US","364","GA","","0","0","1900-01-01 00:00:00","0","2020-02-13 02:15:20","76520","LLope","1612","453529374","5637312361","","1","","0","900.000000000000","SBR-000059","0","","","","","0","2020-02-13 02:19:09","LLope",""
"10","104312","104312","2020-02-12 00:00:00","2020-04-12 00:00:00","1900-01-01 00:00:00","USD","2503","1001","3","0","60","","ARTrade","EXEMPT","ALL","0","","1612S139520R001","","","en-us","","WestRock Southeast LLC","PO Box 100084
Duluth, GA 30096","30096","364","US","GA","","1","1612F012083","10432965","CHECK","","Duluth","PO Box 100084","ldlopez","1900-01-01 00:00:00","CPT","0","","US","364","GA","","0","0","1900-01-01 00:00:00","0","2020-02-13 02:22:46","76966","LLope","1612","304169018","5637312362","","1","","0","750.000000000000","SBR-000060","0","","","","","0","2020-02-13 02:25:52","LLope",""
"10","104312","104312","2020-02-12 00:00:00","2020-04-12 00:00:00","1900-01-01 00:00:00","USD","2503","1001","3","0","60","","ARTrade","EXEMPT","ALL","0","","1612S139136R008","","","en-us","","WestRock Southeast LLC","PO Box 100084
Duluth, GA 30096","30096","364","US","GA","","1","1612F012084","10432965","CHECK","","Duluth","PO Box 100084","ldlopez","1900-01-01 00:00:00","CPT","0","","US","364","GA","","0","0","1900-01-01 00:00:00","0","2020-02-13 02:30:42","77442","LLope","1612","153594121","5637312363","","1","","0","600.000000000000","SBR-000061","0","","","","","0","2020-02-13 02:39:33","LLope",""
"10","104312","104312","2020-04-22 00:00:00","2020-06-21 00:00:00","1900-01-01 00:00:00","USD","2503","1001","3","0","60","","ARTrade","EXEMPT","ALL","0","","1612S139136R025","","","en-us","","WestRock Southeast LLC","PO Box 100084
Duluth, GA 30096","30096","364","US","GA","","1","1612F012097","11893197","CHECK","","Duluth","PO Box 100084","ldlopez","1900-01-01 00:00:00","CPT","0","","US","364","GA","","0","0","1900-01-01 00:00:00","0","2020-04-22 15:42:10","42130","LLope","1612","1003496200","5637317085","","1","","0","900.000000000000","SBR-000105","0","","","","","0","2020-04-22 16:42:39","LLope",""
"10","104312","104312","2020-04-22 00:00:00","2020-06-21 00:00:00","1900-01-01 00:00:00","USD","2503","1001","2","0","60","","ARTrade","EXEMPT","ALL","0","","1612S139136R037","","","en-us","","WestRock Southeast LLC","PO Box 100084
Duluth, GA 30096","30096","364","US","GA","","1","1612F012098","11893197","CHECK","","Duluth","PO Box 100084","ldlopez","1900-01-01 00:00:00","CPT","0","","US","364","GA","","0","0","1900-01-01 00:00:00","0","2020-04-22 16:48:23","46103","LLope","1612","1497345719","5637317086","","1","","0","450.000000000000","SBR-000106","0","","","","","0","2020-04-22 16:57:11","LLope",""
"10","104312","104312","2020-05-06 00:00:00","2020-07-05 00:00:00","1900-01-01 00:00:00","USD","2503","1001","2","0","60","","ARTrade","EXEMPT","ALL","0","","1612S139136R042","","","en-us","","WestRock Southeast LLC","PO Box 100084
Duluth, GA 30096","30096","364","US","GA","","1","1612F012101","11893197","CHECK","","Duluth","PO Box 100084","ldlopez","1900-01-01 00:00:00","CPT","0","","US","364","GA","","0","0","1900-01-01 00:00:00","0","2020-05-06 15:04:24","39864","LLope","1612","769094920","5637316891","","1","","0","2400.000000000000","SBR-000143","0","","","","","0","2020-05-06 15:10:11","LLope",""
"10","104312","104312","2020-06-10 00:00:00","2020-08-09 00:00:00","1900-01-01 00:00:00","USD","2503","1001","2","0","60","","ARTrade","EXEMPT","ALL","0","","1612S141201R021","","","en-us","","WestRock Southeast LLC","PO Box 100084
Duluth, GA 30096","30096","364","US","GA","","1","1612F012109","11893197","CHECK","","Duluth","PO Box 100084","ldlopez","1900-01-01 00:00:00","CPT","0","","US","364","GA","","0","0","1900-01-01 00:00:00","0","2020-06-10 19:02:46","54166","LLope","1612","1620648152","5637319587","","1","","0","750.000000000000","SBR-000177","0","","","","","0","2020-06-10 19:09:36","LLope",""
"10","104312","104312","2020-06-19 00:00:00","2020-08-18 00:00:00","1900-01-01 00:00:00","USD","2503","1001","2","0","60","","ARTrade","EXEMPT","ALL","0","","1612S141201R032","","","en-us","","WestRock Southeast LLC","PO Box 100084
Duluth, GA 30096","30096","364","US","GA","","1","1612F012111","11893197","CHECK","","Duluth","PO Box 100084","ldlopez","1900-01-01 00:00:00","CPT","0","","US","364","GA","","0","0","1900-01-01 00:00:00","0","2020-06-19 20:19:09","58749","LLope","1612","854423591","5637319215","","1","","0","1950.000000000000","SBR-000185","0","","","","","0","2020-06-19 20:25:48","LLope",""
"10","104312","104312","2020-07-09 00:00:00","2020-09-07 00:00:00","1900-01-01 00:00:00","USD","2503","1001","2","0","60","","ARTrade","EXEMPT","ALL","0","","1612S141201R044","","","en-us","","WestRock Southeast LLC","PO Box 100084
Duluth, GA 30096","30096","364","US","GA","","1","1612F012115","11893197","CHECK","","Duluth","PO Box 100084","ldlopez","1900-01-01 00:00:00","CPT","0","","US","364","GA","","0","0","1900-01-01 00:00:00","0","2020-07-09 21:10:01","61801","LLope","1612","1120555320","5637320168","","1","","0","750.000000000000","SBR-000207","0","","","","","0","2020-07-09 21:14:27","LLope",""
"10","104312","104312","2020-07-28 00:00:00","2020-09-26 00:00:00","1900-01-01 00:00:00","USD","2503","1001","2","0","60","","ARTrade","EXEMPT","ALL","0","","1612S142448R007","","","en-us","","WestRock Southeast LLC","PO Box 100084
Duluth, GA 30096","30096","364","US","GA","","1","1612F012125","11893197","CHECK","","Duluth","PO Box 100084","ldlopez","1900-01-01 00:00:00","CPT","0","","US","364","GA","","0","0","1900-01-01 00:00:00","0","2020-07-28 15:33:15","41595","LLope","1612","1578209350","5637321404","","1","","0","1350.000000000000","SBR-000224","0","","","","","0","2020-07-28 15:37:48","LLope",""
"10","104379","104379","2020-04-21 00:00:00","2020-05-21 00:00:00","1900-01-01 00:00:00","USD","2503","1001","3","0","30","","ARTrade","EXEMPT","ALL","0","","1612S137632R024-Freight Charges","","","en-us","","Craven County Wood Energy","201 Executive Parkway
New Bern, NC 28562","28562","1086","US","NC","","1","1612F012096","17807","CHECK","","New Bern","201 Executive Parkway","ldlopez","1900-01-01 00:00:00","CPT","0","","US","1086","NC","","0","0","1900-01-01 00:00:00","0","2020-04-21 20:07:32","58052","LLope","1612","1930017161","5637317082","","1","","0","1233.460000000000","SBR-000104","0","","","","","0","2020-04-21 20:15:06","LLope",""
"10","105373","105373","2020-02-24 00:00:00","2020-03-25 00:00:00","1900-01-01 00:00:00","USD","2503","1001","3","0","30","","ARTrade","EXEMPT","ALL","0","","1612S137876R003","","","en-us","","Weyerhaeuser NR Company","c/o Weyerhaeuser
220 Occidental Ave S. 14973
Seattle, WA 98104","98104","1965","US","WA","","1","1612F012087","AGR 308320","CHECK","","Seattle","c/o Weyerhaeuser
220 Occidental Ave S. 14973","ldlopez","1900-01-01 00:00:00","CPT","0","","US","1965","WA","","0","0","1900-01-01 00:00:00","0","2020-02-24 21:30:01","59401","LLope","1612","51789947","5637313583","","1","","0","12048.700000000000","SBR-000062","0","","","","","0","2020-02-24 21:33:16","LLope",""
"10","105373","105373","2020-02-24 00:00:00","2020-03-25 00:00:00","1900-01-01 00:00:00","USD","2503","1001","3","0","30","","ARTrade","EXEMPT","ALL","0","","1612S139144R002","","","en-us","","Weyerhaeuser NR Company","c/o Weyerhaeuser
220 Occidental Ave S. 14973
Seattle, WA 98104","98104","1965","US","WA","","1","1612F012088","AGR 308320","CHECK","","Seattle","c/o Weyerhaeuser
220 Occidental Ave S. 14973","ldlopez","1900-01-01 00:00:00","CPT","0","","US","1965","WA","","0","0","1900-01-01 00:00:00","0","2020-02-24 21:38:46","59926","LLope","1612","83132225","5637313584","","1","","0","8359.640000000000","SBR-000063","0","","","","","0","2020-02-24 21:39:56","LLope",""
"10","105373","105373","2020-05-14 00:00:00","2020-06-13 00:00:00","1900-01-01 00:00:00","USD","2503","1001","2","0","30","","ARTrade","EXEMPT","ALL","0","","1612S137876R003 / 1612F012087","","","en-us","","Weyerhaeuser NR Company","c/o Weyerhaeuser
220 Occidental Ave S. 14973
Seattle, WA 98104","98104","1965","US","WA","","1","1612FC010815","AGR 308320","CHECK","","Seattle","c/o Weyerhaeuser
220 Occidental Ave S. 14973","ldlopez","1900-01-01 00:00:00","CPT","0","","US","1965","WA","","0","0","1900-01-01 00:00:00","0","2020-05-14 18:50:12","53412","LLope","1612","1503653167","5637317594","","1","","0","-12048.700000000000","CR-NA-02536","0","","","","CR-NA-02536","0","2020-05-14 19:02:48","LLope",""
"10","105373","105373","2020-06-16 00:00:00","2020-07-16 00:00:00","1900-01-01 00:00:00","USD","2503","1001","2","0","30","","ARTrade","EXEMPT","ALL","0","","1612S139144R005","","","en-us","","Weyerhaeuser NR Company","c/o Weyerhaeuser
220 Occidental Ave S. 14973
Seattle, WA 98104","98104","1965","US","WA","","1","1612F012110","AGR 308320","CHECK","","Seattle","c/o Weyerhaeuser
220 Occidental Ave S. 14973","ldlopez","1900-01-01 00:00:00","CPT","0","","US","1965","WA","","0","0","1900-01-01 00:00:00","0","2020-06-16 13:15:58","33358","LLope","1612","1708480180","5637319195","","1","","0","146.250000000000","SBR-000183","0","","","","","0","2020-06-16 13:21:34","LLope",""
"10","105925","105925","2020-02-19 00:00:00","2020-03-20 00:00:00","1900-01-01 00:00:00","USD","","1001","2","0","30","","ARTrade","EXEMPT","ALL","0","","Marginal Proppant Crude Blunger #6 Sept 2019","","","en-us","","US Ceramics LLC","1300 Commerce Connector
Wrens, GA 30833","30833","Jefferson","US","GA","","1","1612F012086","","CHECK_PRMS","","Wrens","1300 Commerce Connector","KHC","2020-02-19 00:00:00","EXW","0","","US","Jefferson","GA","","0","0","1900-01-01 00:00:00","0","2020-02-19 19:27:27","52047","CarpK","1612","274452079","5637312369","","1","","0","25607.760000000000","SBR-00049","0","","","","","0","2020-02-19 19:36:29","CarpK",""
"10","106040","106040","2020-07-02 00:00:00","2020-08-01 00:00:00","1900-01-01 00:00:00","USD","2503","1001","2","0","30","","ARTrade","EXEMPT","ALL","0","","1612S140845R003","","","EN-US","","Willamette Falls Paper Company, Inc.","4800 Mill Street
West Linn, OR 97068","97068","1460","US","OR","","1","1612F012113","PO0100446","CHECK","","West Linn","4800 Mill Street","ldlopez","1900-01-01 00:00:00","COL","0","","US","1460","OR","","0","0","1900-01-01 00:00:00","0","2020-07-02 20:03:25","57805","LLope","1612","1690110818","5637319954","","1","","0","15734.960000000000","SBR-000194","0","","","","","0","2020-07-02 20:08:43","LLope",""
"10","106186","106186","2020-03-05 00:00:00","2020-04-04 00:00:00","1900-01-01 00:00:00","USD","2507","1001","2","0","30","","ARTrade","EXEMPT","ALL","0","","Estes Express Lines 9847985 PRO#114-0239240","","","en-us","","EES Cosmetic Solutions","4 Lakeside Drive S
Forked River, NJ 08731","08731","1226","US","NJ","","1","1612F012090","I-INV0220-2","CHECK","","Forked River","4 Lakeside Drive S","ldlopez","1900-01-01 00:00:00","EXW","0","","US","1226","NJ","","0","0","1900-01-01 00:00:00","0","2020-03-05 20:04:43","54283","LLope","1612","1783637858","5637314330","","1","","0","1600.000000000000","SA-00035380","0","","","","","0","2020-03-05 20:06:30","LLope",""
"10","104790","250100","2020-06-04 00:00:00","2020-08-08 00:00:00","1900-01-01 00:00:00","USD","2503","1001","2","0","65","","ARTrade","EXEMPT","ALL","0","","1612S138277 - TONU Fee","","","en-us","","Sherwin Williams Co.","Consumer Group A/P
PO Box 94785
Cleveland, OH 44101-4785","44101-4785","1355","US","OH","","1","1612FC010820","LP310755","CHECK","","Cleveland","Consumer Group A/P
PO Box 94785","ldlopez","1900-01-01 00:00:00","COL","0","","US","1355","OH","","0","0","1900-01-01 00:00:00","0","2020-06-04 18:14:30","51270","LLope","1612","737003610","5637318920","","1","","0","-150.000000000000","CR-NA-01921","0","","","","CR-NA-01921","0","2020-06-04 18:20:17","LLope",""
"10","259135","252711","2019-09-30 00:00:00","2019-12-14 00:00:00","1900-01-01 00:00:00","USD","2892","1001","3","0","75","","ARTrade","EXEMPT","ALL","0","","1612S135491R004","","","en-us","","Wolf Container & Chemical","2591 Wexford Bayne Road
Suite 303
Sewickley, PA 15143-8676","15143-8676","1480","US","PA","","1","1612FC010728","74399","CHECK","","Sewickley","2591 Wexford Bayne Road
Suite 303","ldlopez","1900-01-01 00:00:00","COL","0","","US","1480","PA","","0","0","1900-01-01 00:00:00","0","2019-09-30 19:26:11","55571","LLope","1612","1702704922","5637307131","","1","","0","-100.000000000000","CR-NA-01245","0","","","","CR-NA-01245","0","2019-09-30 19:30:32","LLope",""
"10","259135","252711","2019-10-03 00:00:00","2019-12-17 00:00:00","1900-01-01 00:00:00","USD","2892","1001","3","0","75","","ARTrade","EXEMPT","ALL","0","","1612S136254R001 CC 00011151","","","en-us","","Wolf Container & Chemical","2591 Wexford Bayne Road
Suite 303
Sewickley, PA 15143-8676","15143-8676","1480","US","PA","","1","1612FC010732","75035","CHECK","","Sewickley","2591 Wexford Bayne Road
Suite 303","ldlopez","1900-01-01 00:00:00","COL","0","","US","1480","PA","","0","0","1900-01-01 00:00:00","0","2019-10-03 21:05:25","61525","LLope","1612","419028938","5637307617","","1","","0","-2920.000000000000","CR-NA-01243","0","","","","CR-NA-01243","0","2019-10-03 21:09:32","LLope",""
"10","253014","252711","2019-11-05 00:00:00","2020-01-19 00:00:00","1900-01-01 00:00:00","USD","2503","1001","3","0","75","","ARTrade","EXEMPT","ALL","0","","1612S135556R001 Tote Bin Price","","","en-us","","Wolf Container & Chemical","2591 Wexford Bayne Road
Suite 303
Sewickley, PA 15143-8676","15143-8676","1480","US","PA","","1","1612FC010739","4572426102","CHECK","","Sewickley","2591 Wexford Bayne Road
Suite 303","ldlopez","1900-01-01 00:00:00","COL","0","","US","1480","PA","","0","0","1900-01-01 00:00:00","0","2019-11-05 15:03:22","36202","LLope","1612","2101104745","5637308381","","1","","0","-300.000000000000","CR-NA-01616","0","","","","CR-NA-01616","0","2019-11-05 15:08:47","LLope",""
"10","253014","252711","2019-11-05 00:00:00","2020-01-19 00:00:00","1900-01-01 00:00:00","USD","2503","1001","3","0","75","","ARTrade","EXEMPT","ALL","0","","1612S135790R001 Tote Bin Price","","","en-us","","Wolf Container & Chemical","2591 Wexford Bayne Road
Suite 303
Sewickley, PA 15143-8676","15143-8676","1480","US","PA","","1","1612FC010740","4572431933","CHECK","","Sewickley","2591 Wexford Bayne Road
Suite 303","ldlopez","1900-01-01 00:00:00","COL","0","","US","1480","PA","","0","0","1900-01-01 00:00:00","0","2019-11-05 15:15:06","36906","LLope","1612","903822218","5637308382","","1","","0","-250.000000000000","CR-NA-01617","0","","","","CR-NA-01617","0","2019-11-05 15:17:23","LLope",""
"10","253014","252711","2019-11-05 00:00:00","2020-01-19 00:00:00","1900-01-01 00:00:00","USD","2503","1001","3","0","75","","ARTrade","EXEMPT","ALL","0","","1612S135919R001 Tote Bin Price","","","en-us","","Wolf Container & Chemical","2591 Wexford Bayne Road
Suite 303
Sewickley, PA 15143-8676","15143-8676","1480","US","PA","","1","1612FC010741","4572435536","CHECK","","Sewickley","2591 Wexford Bayne Road
Suite 303","ldlopez","1900-01-01 00:00:00","COL","0","","US","1480","PA","","0","0","1900-01-01 00:00:00","0","2019-11-05 15:46:14","38774","LLope","1612","1268158816","5637308384","","1","","0","-250.000000000000","CR-NA-01618","0","","","","CR-NA-01618","0","2019-11-05 15:48:22","LLope",""
"10","257626","252711","2019-12-20 00:00:00","2020-03-04 00:00:00","1900-01-01 00:00:00","USD","2892","1001","3","0","75","","ARTrade","EXEMPT","ALL","0","","1612S137134R001 CC11961","","","en-us","","Wolf Container & Chemical","2591 Wexford Bayne Road
Suite 303
Sewickley, PA 15143-8676","15143-8676","1480","US","PA","","1","1612FC010751","4572461529","CHECK","","Sewickley","2591 Wexford Bayne Road
Suite 303","ldlopez","1900-01-01 00:00:00","COL","0","","US","1480","PA","","0","0","1900-01-01 00:00:00","0","2019-12-20 15:12:05","36725","LLope","1612","1921440794","5637311085","","1","","0","-907.690000000000","CR-NA-01601","0","","","","CR-NA-01601","0","2019-12-20 15:16:02","LLope",""
"10","105986","252711","2020-02-21 00:00:00","2020-05-06 00:00:00","1900-01-01 00:00:00","USD","2892","1001","3","0","75","","ARTrade","EXEMPT","ALL","0","","1612S138124R001 CC# 00012816","","","en-us","","Wolf Container & Chemical","2591 Wexford Bayne Road
Suite 303
Sewickley, PA 15143-8676","15143-8676","1480","US","PA","","1","1612FC010774","4572484207","CHECK","","Sewickley","2591 Wexford Bayne Road
Suite 303","ldlopez","1900-01-01 00:00:00","COL","0","","US","1480","PA","","0","0","1900-01-01 00:00:00","0","2020-02-21 20:32:33","55953","LLope","1612","412853864","5637313337","","1","","0","-481.780000000000","CR-NA-02095","0","","","","CR-NA-02095","0","2020-02-21 20:34:21","LLope",""
"10","252711","252711","2020-05-18 00:00:00","2020-08-01 00:00:00","1900-01-01 00:00:00","USD","","1001","2","0","75","","ARTrade","","","0","","Multiple credits ACH 05/14/2020","","","en-us","","Wolf Container & Chemical","2591 Wexford Bayne Road
Suite 303
Sewickley, PA 15143-8676","15143-8676","1480","US","PA","","1","1612DM000098","","CHECK","","Sewickley","2591 Wexford Bayne Road
Suite 303","","1900-01-01 00:00:00","","0","","","","","","0","0","1900-01-01 00:00:00","0","2020-05-19 02:33:34","81214","amaga","1612","65285958","5637317608","","1","","0","4375.370000000000","","0","CuDiff","1612","","","0","2020-05-19 02:33:35","amaga",""
"10","257626","252711","2020-05-19 00:00:00","2020-08-02 00:00:00","1900-01-01 00:00:00","USD","2501","1001","2","0","75","","ARTrade","EXEMPT","ALL","0","","1612S138070R001","","","en-us","","Wolf Container & Chemical","2591 Wexford Bayne Road
Suite 303
Sewickley, PA 15143-8676","15143-8676","1480","US","PA","","1","1612FC010819","4572482996","CHECK","","Sewickley","2591 Wexford Bayne Road
Suite 303","ldlopez","1900-01-01 00:00:00","COL","0","","US","1480","PA","","0","0","1900-01-01 00:00:00","0","2020-05-19 19:22:17","55337","LLope","1612","551623915","5637316989","","1","","0","-8039.200000000000","CR-NA-02684","0","","","","CR-NA-02684","0","2020-05-28 18:22:06","LLope",""
"10","252718","252718","2020-05-04 00:00:00","2020-06-03 00:00:00","1900-01-01 00:00:00","USD","2529","1001","2","0","30","","ARTrade","EXEMPT","ALL","0","","SA-00037397 Lot# DH20329H431","","","en-us","","Sappi  NA","P.O. Box 9004 Shared Fin. Serv.
Attn: Tina Fields
Westbrook, ME 04098-5004","04098-5004","846","US","ME","","1","1612F012099","Platinum P - 40 Bags","CHECK","","Westbrook","P.O. Box 9004 Shared Fin. Serv.
Attn: Tina Fields","ldlopez","1900-01-01 00:00:00","FOB","0","","US","846","ME","","0","0","1900-01-01 00:00:00","0","2020-05-04 13:54:47","35687","LLope","1612","1244742318","5637317362","","1","","0","14144.080000000000","SBR-000138","0","","","","","0","2020-05-04 14:04:15","LLope",""
"10","252718","252718","2020-05-11 00:00:00","2020-06-10 00:00:00","1900-01-01 00:00:00","USD","2501","1001","2","0","30","","ARTrade","EXEMPT","ALL","0","","SA-00037189 Lot# SC20409IA11","","","en-us","","Sappi  NA","P.O. Box 9004 Shared Fin. Serv.
Attn: Tina Fields
Westbrook, ME 04098-5004","04098-5004","846","US","ME","","1","1612F012102","Alphatex 1000lb Bags","CHECK","","Westbrook","P.O. Box 9004 Shared Fin. Serv.
Attn: Tina Fields","ldlopez","1900-01-01 00:00:00","FOB","0","","US","846","ME","","0","0","1900-01-01 00:00:00","0","2020-05-11 19:15:57","54957","LLope","1612","888424667","5637317479","","1","","0","2114.390000000000","SBR-000144","0","","","","","0","2020-05-11 19:24:12","LLope",""
"10","102932","252725","2020-01-29 00:00:00","2020-02-28 00:00:00","1900-01-01 00:00:00","USD","2892","1001","3","0","30","","ARTrade","EXEMPT","ALL","0","","1612S138896R001","","","en-us","","Specialty Chemical Sales, Inc.","4561 West 160th Street
Cleveland, OH 44135-2647","44135-2647","1355","US","OH","","1","1612FC010766","0000033749","CHECK","","Cleveland","4561 West 160th Street","ldlopez","1900-01-01 00:00:00","COL","0","","US","1355","OH","","0","0","1900-01-01 00:00:00","0","2020-01-29 15:46:43","38803","LLope","1612","1757375260","5637312331","","1","","0","-150.000000000000","CR-NA-01866","0","","","","CR-NA-01866","0","2020-01-29 15:49:02","LLope",""
"10","104343","252725","2020-04-15 00:00:00","2020-05-15 00:00:00","1900-01-01 00:00:00","USD","2892","1001","2","0","30","","ARTrade","EXEMPT","ALL","0","","1612S140743R001","","","en-us","","Specialty Chemical Sales, Inc.","4561 West 160th Street
Cleveland, OH 44135-2647","44135-2647","1355","US","OH","","1","1612F012095","34281/RM0149277LN2","CHECK","","Cleveland","4561 West 160th Street","ldlopez","1900-01-01 00:00:00","COL","0","","US","1355","OH","","0","0","1900-01-01 00:00:00","0","2020-04-15 23:07:35","68855","LLope","1612","880446868","5637316121","","1","","0","225.000000000000","SBR-000103","0","","","","","0","2020-04-15 23:11:16","LLope",""
"10","104335","252733","2019-09-30 00:00:00","2019-10-30 00:00:00","1900-01-01 00:00:00","USD","2503","1001","3","0","30","","ARTrade","EXEMPT","ALL","0","","1612S131597R001","","","en-us","","Fitz Chem LLC.","6340 Reliable Parkway
Chicago, IL 60686-0063","60686-0063","512","US","IL","","1","1612F012062","BL207617/11862","CHECK_CARB","","Chicago","6340 Reliable Parkway","ldlopez","1900-01-01 00:00:00","COL","0","","US","512","IL","","0","0","1900-01-01 00:00:00","0","2019-09-30 21:30:11","63011","LLope","1612","62859743","5637307599","","1","","0","2247.000000000000","Special Billing  IMAZ-BGEJ8X","0","","","","","0","2019-09-30 21:42:52","LLope",""
"10","104335","252733","2020-05-06 00:00:00","2020-06-05 00:00:00","1900-01-01 00:00:00","USD","2503","1001","2","0","30","","ARTrade","EXEMPT","ALL","0","","1612S136547R001","","","en-us","","Fitz Chem LLC.","6340 Reliable Parkway
Chicago, IL 60686-0063","60686-0063","512","US","IL","","1","1612F012100","BL214884/4502072682","CHECK_CARB","","Chicago","6340 Reliable Parkway","ldlopez","1900-01-01 00:00:00","COL","0","","US","512","IL","","0","0","1900-01-01 00:00:00","0","2020-05-06 12:56:06","32166","LLope","1612","2069358139","5637316888","","1","","0","2247.000000000000","SBR-000142","0","","","","","0","2020-05-06 13:02:21","LLope",""
"10","252733","252733","2020-07-02 00:00:00","2020-08-01 00:00:00","1900-01-01 00:00:00","USD","2507","1001","2","0","30","","ARTrade","EXEMPT","ALL","0","","Imercare Opaque","","","en-us","","Fitz Chem Corporation","450 East Devon Avenue
Suite 300
Itasca, IL 60143-1261","60143-1261","517","US","IL","","1","1612F012114","BL223547 / 7745","CHECK_CARB","","Itasca","450 East Devon Avenue
Suite 300","ldlopez","1900-01-01 00:00:00","COL","0","","US","517","IL","","0","0","1900-01-01 00:00:00","0","2020-07-02 20:26:58","59218","LLope","1612","224706137","5637319955","","1","","0","108.910000000000","SA-00039737","0","","","","","0","2020-07-06 13:06:33","LLope",""
"10","252837","252837","2019-08-29 00:00:00","2019-09-28 00:00:00","1900-01-01 00:00:00","USD","2507","1001","3","0","30","","ARTrade","EXEMPT","ALL","0","","Road Runner PRO No. 418303178 Ship Date 5/22/19","","","en-us","","Syndel USA","1441 W Smith Rd
Ferndale, WA 98248","98248","1976","US","WA","","1","1612F012060","WC-PO004901","CHECK","","Ferndale","1441 W Smith Rd","ldlopez","1900-01-01 00:00:00","COL","0","","US","1976","WA","","0","0","1900-01-01 00:00:00","0","2019-08-29 20:57:58","61078","LLope","1612","390069306","5637305848","","1","","0","345.000000000000","SA-20571","0","","","","","0","2019-08-29 21:01:41","LLope",""
"10","252837","252837","2020-07-15 00:00:00","2020-08-14 00:00:00","1900-01-01 00:00:00","USD","2501","1001","2","0","30","","ARTrade","EXEMPT","ALL","0","","Stanley Young email 6/17/2020","","","en-us","","Westlake Compounds LLC","2700 Post Oak Blvd. Suite 1950
Houston, TX 77056","77056","1747","US","TX","","1","1612F012116","4501246637","CHECK","","Houston","2700 Post Oak Blvd. Suite 1950","ldlopez","1900-01-01 00:00:00","COL","0","","US","1747","TX","","0","0","1900-01-01 00:00:00","0","2020-07-15 20:19:59","58799","LLope","1612","123199084","5637320176","","1","","0","105.000000000000","SA-00039576","0","","","","","0","2020-07-15 20:22:47","LLope",""
"10","252837","252837","2020-07-15 00:00:00","2020-08-14 00:00:00","1900-01-01 00:00:00","USD","2501","1001","2","0","30","","ARTrade","EXEMPT","ALL","0","","Stanley Young email 6/17/2020","","","en-us","","Westlake Compounds LLC","2700 Post Oak Blvd. Suite 1950
Houston, TX 77056","77056","1747","US","TX","","1","1612FC010834","4501246637","CHECK","","Houston","2700 Post Oak Blvd. Suite 1950","ldlopez","1900-01-01 00:00:00","COL","0","","US","1747","TX","","0","0","1900-01-01 00:00:00","0","2020-07-15 20:25:24","59124","LLope","1612","385881461","5637320177","","1","","0","-105.000000000000","SA-00039576","0","","","","SA-00039576","0","2020-07-15 20:31:18","LLope",""
"10","252837","252837","2020-07-15 00:00:00","2020-08-14 00:00:00","1900-01-01 00:00:00","USD","2501","1001","2","0","30","","ARTrade","EXEMPT","ALL","0","","Stanley Young email 6/17/2020","","","en-us","","Westlake Compounds LLC","Attn: Accounts Payable
2700 Post Oak Blvd. Suite 1950
Houston, TX 77056","77056","1747","US","TX","","1","1612F012117","4501246637","CHECK","","Houston","Attn: Accounts Payable
2700 Post Oak Blvd. Suite 1950","ldlopez","1900-01-01 00:00:00","COL","0","","US","1747","TX","","0","0","1900-01-01 00:00:00","0","2020-07-15 20:39:12","59952","LLope","1612","263605787","5637320178","","1","","0","105.000000000000","SA-00039576","0","","","","","0","2020-07-15 20:42:04","LLope",""
"10","253298","253168","2019-10-07 00:00:00","2020-01-05 00:00:00","1900-01-01 00:00:00","USD","2892","1001","3","0","90","","ARTrade","EXEMPT","ALL","0","","1612S137320R001 CC 00011702","","","en-us","","Watson Phillips y Cia. Sucs. de C.V.","San Francisco Cuautlalpan 101
Naucalpan Fracc. Industrial,
RFC:WPC 870601 RC9
Naucalpan de Juarez, Edo MX 53370","53370","","MX","Edo","","1","1612FC010734","IME 7235","CHECK_CARB","","Naucalpan de Juarez","San Francisco Cuautlalpan 101
Naucalpan Fracc. Industrial,
RFC:WPC 870601 RC9","ldlopez","1900-01-01 00:00:00","COL","0","","MX","","Edo","","0","0","1900-01-01 00:00:00","0","2019-10-07 19:32:33","55953","LLope","1612","254644925","5637307620","","1","","0","-1950.000000000000","CR-NA-01476","0","","","","CR-NA-01476","0","2019-10-07 19:37:49","LLope",""
"10","106288","253168","2020-02-07 00:00:00","2020-05-07 00:00:00","1900-01-01 00:00:00","USD","","1001","3","0","90","","ARTrade","EXEMPT","ALL","0","","IME 7305","","","en-us","","Watson Phillips y Cia. Sucs. de C.V.","San Francisco Cuautlalpan 101
Naucalpan Fracc. Industrial,
RFC:WPC 870601 RC9
Naucalpan de Juarez, Edo MX 53370","53370","","MX","Edo","","1","1612FC010767","CR-NA-02047","CHECK_CARB","","Naucalpan de Juarez","San Francisco Cuautlalpan 101
Naucalpan Fracc. Industrial,
RFC:WPC 870601 RC9","PJF","1900-01-01 00:00:00","EXW","0","","MX","","Edo","","0","0","1900-01-01 00:00:00","0","2020-02-07 18:53:03","49983","FontP","1612","1252415304","5637312109","","1","","0","-125.000000000000","1612S139436R001;1612177994","0","","","","CR-NA-02047","0","2020-02-07 18:59:37","FontP",""
"10","106288","253168","2020-02-07 00:00:00","2020-05-07 00:00:00","1900-01-01 00:00:00","USD","","1001","3","0","90","","ARTrade","EXEMPT","ALL","0","","IME 7306","","","en-us","1#Posting	Invoice account: 253168		There are no lines on the free-text invoice.#3#Posting	Invoice account: 253168		Update has been canceled.#","Watson Phillips y Cia. Sucs. de C.V.","San Francisco Cuautlalpan 101
Naucalpan Fracc. Industrial,
RFC:WPC 870601 RC9
Naucalpan de Juarez, Edo MX 53370","53370","","MX","Edo","","1","1612FC010768","CR-NA-02047","CHECK_CARB","","Naucalpan de Juarez","San Francisco Cuautlalpan 101
Naucalpan Fracc. Industrial,
RFC:WPC 870601 RC9","PJF","1900-01-01 00:00:00","EXW","0","","MX","","Edo","","0","0","1900-01-01 00:00:00","0","2020-02-07 19:03:09","50589","FontP","1612","2015987138","5637312110","","1","","0","-125.000000000000","1612S139437R001;1612178116","0","","","","CR-NA-02047","0","2020-02-07 19:17:45","FontP",""
"10","253725","253725","2020-07-23 00:00:00","2020-08-22 00:00:00","1900-01-01 00:00:00","USD","2501","1001","2","0","30","","ARTrade","EXEMPT","ALL","0","","Alphatex Calcined Clay","","","en-us","","Southern States Packaging Compan","P.O. Box 650
Spartanburg, SC 29304","29304","1602","US","SC","","1","1612F012123","21724","CHECK","","Spartanburg","P.O. Box 650","ldlopez","1900-01-01 00:00:00","PPA","0","","US","1602","SC","","0","0","1900-01-01 00:00:00","0","2020-07-23 16:06:03","43563","LLope","1612","422225219","5637321356","","1","","0","797.480000000000","SA-00030476","0","","","","","0","2020-07-23 16:21:33","LLope",""
"10","253803","253803","2020-01-03 00:00:00","2020-01-23 00:00:00","1900-01-01 00:00:00","USD","2548","1001","2","0","20","","ARTrade","EXEMPT","ALL","0","","Freight Equalization - Trucks","","","en-us","","Sappi  NA","P.O. Box 9004  Shared Fin. Serv.
Attn: Tina Fields
Westbrook, ME 04098-5004","04098-5004","846","US","ME","","1","1612FC010753","3035247536&30352475","CHECK","","Westbrook","P.O. Box 9004  Shared Fin. Serv.
Attn: Tina Fields","ldlopez","1900-01-01 00:00:00","FOB","0","","US","846","ME","","0","0","1900-01-01 00:00:00","0","2020-01-03 18:40:41","49241","LLope","1612","875737371","5637311101","","1","","0","-2000.000000000000","CR-NA-01807","0","","","","CR-NA-01807","0","2020-01-03 18:44:41","LLope",""
"10","253803","253803","2020-03-19 00:00:00","2020-04-08 00:00:00","1900-01-01 00:00:00","USD","","1001","2","0","20","","ARTrade","","","0","","Debit Memo for the property tax","","","en-us","","Sappi  NA","P.O. Box 9004  Shared Fin. Serv.
Attn: Tina Fields
Westbrook, ME 04098-5004","04098-5004","846","US","ME","","1","1612DM000097","","CHECK","","Westbrook","P.O. Box 9004  Shared Fin. Serv.
Attn: Tina Fields","","1900-01-01 00:00:00","","0","","","","","","0","0","1900-01-01 00:00:00","0","2020-03-19 18:52:58","53578","amaga","1612","917365727","5637313650","","1","","0","3730.390000000000","","0","CuDiff","1612","","","0","2020-03-19 18:52:59","amaga",""
"40","259024","257511","2019-11-05 00:00:00","2019-12-25 00:00:00","1900-01-01 00:00:00","USD","","1001","2","0","Prox25","","ARTrade","EXEMPT","ALL","0","","1612S136067;1612174504","","","en-us","","Imerys Minerals Japan K.K.","14F, Tokyo Club bldg.,
3-2-6 Kasumigaseki ,Chiyoda-ku
Tokyo, 100-0013
JP","100-0013","","JP","","","1","1612F012063","C-19-148","CHECK","","Tokyo","14F, Tokyo Club bldg.,
3-2-6 Kasumigaseki ,Chiyoda-ku","PJF","1900-01-01 00:00:00","FCA","0","","JP","","","","0","0","1900-01-01 00:00:00","0","2019-11-05 21:11:28","58288","FontP","1612","974372630","5637308617","","1821","","0","19590.000000000000","PFOE-BHMS8J","0","","","","PFOE-BHMS8J","0","2019-11-05 21:18:49","FontP",""
"40","259024","257511","2019-11-18 00:00:00","2019-12-25 00:00:00","1900-01-01 00:00:00","USD","2529","1001","2","0","Prox25","","ARTrade","EXEMPT","ALL","0","","1612S136068R001;1612174505","","","en-us","","Imerys Minerals Japan K.K.","14F, Tokyo Club bldg.,
3-2-6 Kasumigaseki ,Chiyoda-ku
Tokyo, 100-0013
JP","100-0013","","JP","","","1","1612F012064","C-19-149","CHECK","","Tokyo","14F, Tokyo Club bldg.,
3-2-6 Kasumigaseki ,Chiyoda-ku","PJF","1900-01-01 00:00:00","FCA","0","","JP","","","","0","0","1900-01-01 00:00:00","0","2019-11-18 19:41:46","52906","FontP","1612","651795676","5637309576","","1821","","0","17290.000000000000","PFOE-BJ2QUS","0","","","","","0","2019-11-18 19:44:14","FontP",""
"40","257511","257511","2020-02-28 00:00:00","2020-03-25 00:00:00","1900-01-01 00:00:00","USD","2529","1001","2","0","Prox25","","ARTrade","EXEMPT","ALL","0","","Various ship to accounts/po. #'s","","","en-us","","Imerys Minerals Japan K.K.","Shinagawa Seaside 
South Tower Tower 
11F 4-12-1                Higashishinagawa, Shinagawa-ku
            
Tokyo, 140-0002
JP","140-0002","","JP","","","1","1612F012089","January 20 Shipments","CHECK","","Tokyo","Shinagawa Seaside 
South Tower Tower 
11F 4-12-1                Higashishinagawa, Shinagawa-ku
","PJF","1900-01-01 00:00:00","FCA","0","","JP","","","","0","0","1900-01-01 00:00:00","0","2020-02-28 20:54:51","57291","FontP","1612","807660350","5637314089","","1821","","0","2953.000000000000","SBR-000067","0","","","","","0","2020-02-28 21:07:16","FontP",""
"40","257511","257511","2020-05-22 00:00:00","2020-06-25 00:00:00","1900-01-01 00:00:00","USD","2521","1001","2","0","Prox25","","ARTrade","EXEMPT","ALL","0","","re;1612S139083; Inv. 1612178916","","","en-us","","Imerys Minerals Japan K.K.","Shinagawa Seaside 
South Tower Tower 
11F 4-12-1                Higashishinagawa, Shinagawa-ku
            
Tokyo, 140-0002
JP","140-0002","","JP","","","1","1612F012105","PREM-CTB","CHECK","","Tokyo","Shinagawa Seaside 
South Tower Tower 
11F 4-12-1                Higashishinagawa, Shinagawa-ku
","PJF","1900-01-01 00:00:00","FCA","0","","JP","","","","0","0","1900-01-01 00:00:00","0","2020-05-22 16:19:13","44353","FontP","1612","1434642668","5637317623","","1821","","0","17263.180000000000","SBR-000149","0","","","","","0","2020-05-22 16:33:11","FontP",""
"10","105153","258119","2019-08-23 00:00:00","2019-09-22 00:00:00","1900-01-01 00:00:00","USD","2503","1001","3","0","30","","ARTrade","EXEMPT","ALL","0","","Sheila Scales email on 8/21/19","","","en-us","","Lintech International LLC","7705 NE Industrial Blvd
Macon, GA 31216","31216","308","US","GA","","1","1612F012059","BL211138/121626","CHECK","","Macon","7705 NE Industrial Blvd","ldlopez","1900-01-01 00:00:00","PPA","0","","US","308","GA","","0","0","1900-01-01 00:00:00","0","2019-08-23 18:33:56","52436","LLope","1612","1605205020","5637305340","","1","","0","1486.550000000000","Sales Order 1612S129951R001","0","","","","","0","2019-08-23 18:36:33","LLope",""
"10","259013","259013","2019-08-30 00:00:00","2019-10-14 00:00:00","1900-01-01 00:00:00","USD","2560","1001","2","0","45","","ARTrade","EXEMPT","ALL","0","","MV Marguerita Demuragge","","","en-us","","Irving Oil Terminals","190 Commerce Way
Portsmouth, NH 03801","03801","","US","NH","","1","1612F012061","Demurrage Searsport","CHECK","","Portsmouth","190 Commerce Way","KHC","2019-08-30 00:00:00","PP3","0","","US","","NH","","0","0","1900-01-01 00:00:00","0","2019-08-30 18:59:22","53962","CarpK","1612","1863896140","5637306103","","1","","0","22084.380000000000","","0","","","","","0","2019-08-30 19:18:05","CarpK",""
"10","259037","259037","2020-01-30 00:00:00","2020-02-29 00:00:00","1900-01-01 00:00:00","USD","2503","1001","2","0","30","","ARTrade","EXEMPT","ALL","0","","1612S137495R001 - ICKX15037","","","en-us","","Sappi  NA","Attn: Tina Fields
P.O. Box 9004  Shared Fin. Serv.
Westbrook, ME 04098-5004","04098-5004","846","US","ME","","1","1612F012072","3015103163-20","CHECK","","Westbrook","Attn: Tina Fields
P.O. Box 9004  Shared Fin. Serv.","ldlopez","1900-01-01 00:00:00","FOB","0","","US","846","ME","","0","0","1900-01-01 00:00:00","0","2020-01-30 20:45:29","56729","LLope","1612","1937255020","5637312599","","1","","0","10796.120000000000","SBR-000033","0","","","","","0","2020-01-30 20:48:25","LLope",""
"10","259037","259037","2020-05-11 00:00:00","2020-06-10 00:00:00","1900-01-01 00:00:00","USD","2548","1001","2","0","30","","ARTrade","EXEMPT","ALL","0","","SA-00035329 Capim DG Slurry","","","en-us","","Sappi  NA","Attn: Tina Fields
P.O. Box 9004  Shared Fin. Serv.
Westbrook, ME 04098-5004","04098-5004","846","US","ME","","1","1612F012103","3095571807","CHECK","","Westbrook","Attn: Tina Fields
P.O. Box 9004  Shared Fin. Serv.","ldlopez","1900-01-01 00:00:00","FOB","0","","US","846","ME","","0","0","1900-01-01 00:00:00","0","2020-05-11 21:04:45","61485","LLope","1612","1274841611","5637317480","","1","","0","593.010000000000","SBR-000145","0","","","","","0","2020-05-11 21:21:19","LLope",""
"10","259070","259070","2020-07-22 00:00:00","2020-08-21 00:00:00","1900-01-01 00:00:00","USD","2503","1001","2","0","30","","ARTrade","EXEMPT","ALL","0","","Brooks Pouncey email on  8/19/19","","","en-us","","WestRock","2500 Distribution Drive
Building C, Suite A
Richmond, VA 23231","23231","","US","VA","","1","1612F012119","4511221049 Capim DG","CHECK","","Richmond","2500 Distribution Drive
Building C, Suite A","ldlopez","1900-01-01 00:00:00","PPA","0","","US","","VA","","0","0","1900-01-01 00:00:00","0","2020-07-22 18:45:47","53147","LLope","1612","485711019","5637321584","","1","","0","187.540000000000","SA-00027922","0","","","","","0","2020-07-28 12:30:49","LLope",""
"10","259070","259070","2020-07-23 00:00:00","2020-08-22 00:00:00","1900-01-01 00:00:00","USD","2503","1001","2","0","30","","ARTrade","EXEMPT","ALL","0","","Paper Machine Trial - Barrisurf LX Slurry","","","en-us","","Congoleum Inc.","2700 Emory Road
Finksburg, MD 21048","21048","","US","MD","","1","1612F012120","24323","CHECK","","Finksburg","2700 Emory Road","ldlopez","1900-01-01 00:00:00","PPA","0","","US","","MD","","0","0","1900-01-01 00:00:00","0","2020-07-23 13:23:06","33786","LLope","1612","2112248726","5637321352","","1","","0","250.000000000000","SA-00029557","0","","","","","0","2020-07-23 13:32:45","LLope",""
"10","259070","259070","2020-07-23 00:00:00","2020-08-22 00:00:00","1900-01-01 00:00:00","USD","2503","1001","2","0","30","","ARTrade","EXEMPT","ALL","0","","Paper Machine Trial - Barrisurf HX Slurry","","","en-us","","Congoleum Inc.","2700 Emory Road
Finksburg, MD 21048","21048","","US","MD","","1","1612F012121","24323","CHECK","","Finksburg","2700 Emory Road","ldlopez","1900-01-01 00:00:00","PPA","0","","US","","MD","","0","0","1900-01-01 00:00:00","0","2020-07-23 13:37:15","34635","LLope","1612","209131094","5637321354","","1","","0","250.000000000000","SA-00029558","0","","","","","0","2020-07-23 13:41:23","LLope",""
"10","259070","259070","2020-07-23 00:00:00","2020-08-22 00:00:00","1900-01-01 00:00:00","USD","2548","1001","2","0","30","","ARTrade","EXEMPT","ALL","0","","Recipient - Brian Knapp","","","en-us","","WestRock","2500 Distribution Dr.
Bldg C Suite A
Richmond, VA 23231","23231","","US","VA","","1","1612F012122","4511221049 Capim DG","CHECK","","Richmond","2500 Distribution Dr.
Bldg C Suite A","ldlopez","1900-01-01 00:00:00","PPA","0","","US","","VA","","0","0","1900-01-01 00:00:00","0","2020-07-23 14:38:43","38323","LLope","1612","1882071152","5637321355","","1","","0","250.000000000000","SA-00029927","0","","","","","0","2020-07-28 12:30:49","LLope",""
"40","259121","259121","2019-11-25 00:00:00","2019-12-25 00:00:00","1900-01-01 00:00:00","USD","2503","1001","2","0","Prox25","","ARTrade","EXEMPT","ALL","0","","1612S136484R006 to R010","","","en-us","","Imerys Carbonates","100 Mansell Court East Suite 300
Attn: Accounts Payable
Roswell, Ga 30076","30076","","US","Ga","","1","1612F012066","1617034745","CHECK","","Roswell","100 Mansell Court East Suite 300
Attn: Accounts Payable","ldlopez","1900-01-01 00:00:00","DAP","0","","US","","Ga","","0","0","1900-01-01 00:00:00","0","2019-11-25 15:50:48","39048","LLope","1612","1249313106","5637309338","","1617","","0","2180.590000000000","CR-NA-01625 to 01629","0","","","","CR-NA-01625 to 01629","0","2019-11-25 16:00:18","LLope",""
"10","259123","259123","2020-02-02 00:00:00","2020-03-18 00:00:00","1900-01-01 00:00:00","USD","2503","1001","2","0","45","","ARTrade","EXEMPT","ALL","0","","1612S137899R002","","","en-us","","Evergreen Packaging","Accounts Payable Service Center
PO BOX 1999
Canton, NC 28716","28716","1100","US","NC","","1","1612F012073","8901354585-OCT","CHECK","","Canton","Accounts Payable Service Center
PO BOX 1999","ldlopez","1900-01-01 00:00:00","COL","0","","US","1100","NC","","0","0","1900-01-01 00:00:00","0","2020-02-02 19:37:40","52660","LLope","1612","674885367","5637312616","","1","","0","7673.400000000000","SBR-000044","0","","","","","0","2020-02-02 19:40:12","LLope",""
"10","259123","259123","2020-02-02 00:00:00","2020-03-18 00:00:00","1900-01-01 00:00:00","USD","2503","1001","2","0","45","","ARTrade","EXEMPT","ALL","0","","1612S137899R003","","","en-us","","Evergreen Packaging","Accounts Payable Service Center
PO BOX 1999
Canton, NC 28716","28716","1100","US","NC","","1","1612F012074","8901354585-OCT","CHECK","","Canton","Accounts Payable Service Center
PO BOX 1999","ldlopez","1900-01-01 00:00:00","COL","0","","US","1100","NC","","0","0","1900-01-01 00:00:00","0","2020-02-02 19:49:23","53363","LLope","1612","697749660","5637312617","","1","","0","7669.850000000000","SBR-000045","0","","","","","0","2020-02-02 19:51:46","LLope",""
"10","259123","259123","2020-02-02 00:00:00","2020-03-18 00:00:00","1900-01-01 00:00:00","USD","2503","1001","2","0","45","","ARTrade","EXEMPT","ALL","0","","1612S137899R004","","","en-us","","Evergreen Packaging","Accounts Payable Service Center
PO BOX 1999
Canton, NC 28716","28716","1100","US","NC","","1","1612F012075","8901354585-OCT","CHECK","","Canton","Accounts Payable Service Center
PO BOX 1999","ldlopez","1900-01-01 00:00:00","COL","0","","US","1100","NC","","0","0","1900-01-01 00:00:00","0","2020-02-02 19:57:47","53867","LLope","1612","1492549949","5637312618","","1","","0","7758.660000000000","SBR-000046","0","","","","","0","2020-02-02 20:02:47","LLope",""
"10","259123","259123","2020-02-02 00:00:00","2020-03-18 00:00:00","1900-01-01 00:00:00","USD","2503","1001","2","0","45","","ARTrade","EXEMPT","ALL","0","","1612S137899R005","","","en-us","","Evergreen Packaging","Accounts Payable Service Center
PO BOX 1999
Canton, NC 28716","28716","1100","US","NC","","1","1612F012076","8901354585-OCT","CHECK","","Canton","Accounts Payable Service Center
PO BOX 1999","ldlopez","1900-01-01 00:00:00","COL","0","","US","1100","NC","","0","0","1900-01-01 00:00:00","0","2020-02-02 20:13:14","54794","LLope","1612","520634320","5637312619","","1","","0","7687.610000000000","SBR-000047","0","","","","","0","2020-02-02 20:15:54","LLope",""
"10","259123","259123","2020-02-02 00:00:00","2020-03-18 00:00:00","1900-01-01 00:00:00","USD","2503","1001","2","0","45","","ARTrade","EXEMPT","ALL","0","","1612S137899R006","","","en-us","","Evergreen Packaging","Accounts Payable Service Center
PO BOX 1999
Canton, NC 28716","28716","1100","US","NC","","1","1612F012077","8901354585-OCT","CHECK","","Canton","Accounts Payable Service Center
PO BOX 1999","ldlopez","1900-01-01 00:00:00","COL","0","","US","1100","NC","","0","0","1900-01-01 00:00:00","0","2020-02-02 20:23:10","55390","LLope","1612","814875898","5637312620","","1","","0","7698.270000000000","1612S137899R006","0","","","","","0","2020-02-02 20:24:49","LLope",""
"10","259251","259251","2020-03-30 00:00:00","2020-04-29 00:00:00","1900-01-01 00:00:00","USD","2503","1001","2","0","30","","ARTrade","EXEMPT","ALL","0","","1612S139468R001","","","en-us","","WestRock CP, LLC","WestRock Payment Processing
PO Box 28849
Jacksonville, FL 32226-8789","32226-8789","244","US","FL","","1","1612F012091","12758500","CHECK","","Jacksonville","WestRock Payment Processing
PO Box 28849","ldlopez","1900-01-01 00:00:00","DAP","0","","US","244","FL","","0","0","1900-01-01 00:00:00","0","2020-03-30 23:43:33","71013","LLope","1612","1126900268","5637315587","","1","","0","1733.400000000000","SBR-000087","0","","","","","0","2020-03-30 23:52:52","LLope",""
"10","259271","259271","2020-03-03 00:00:00","2020-05-02 00:00:00","1900-01-01 00:00:00","USD","2501","1001","2","0","60","","ARTrade","EXEMPT","ALL","0","","1612S137353R001;1612175230","","","en-us","","Minerales Industriales  S.A.","Carrera 48 No. 72-Sur-01
Medellin
CO","","","CO","","","1","1612FC010776","4600019122","CHECK","","Medellin","Carrera 48 No. 72-Sur-01","PJF","1900-01-01 00:00:00","FOC-E","0","","CO","","","","0","0","1900-01-01 00:00:00","0","2020-03-03 20:58:56","57536","FontP","1612","1831351752","5637313855","","1","","0","-1686.000000000000","CR-NA-02199","0","","","","CR-NA-02199","0","2020-03-03 21:05:43","FontP",""
"10","259271","259271","2020-03-03 00:00:00","2020-05-02 00:00:00","1900-01-01 00:00:00","USD","2501","1001","2","0","60","","ARTrade","EXEMPT","ALL","0","","1612S136778,137382 Invoice 1612175041","","","en-us","","Minerales Industriales  S.A.","Carrera 48 No. 72-Sur-01
Medellin
CO","","","CO","","","1","1612FC010777","4600018784,19158","CHECK","","Medellin","Carrera 48 No. 72-Sur-01","PJF","1900-01-01 00:00:00","FOC-E","0","","CO","","","","0","0","1900-01-01 00:00:00","0","2020-03-03 21:09:56","58196","FontP","1612","622598886","5637313856","","1","","0","-3063.000000000000","CR-NA-02200","0","","","","CR-NA-02200","0","2020-03-03 21:13:11","FontP",""
"10","102371","259461","2019-08-13 00:00:00","2019-09-12 00:00:00","1900-01-01 00:00:00","USD","2501","1001","3","0","30","","ARTrade","EXEMPT","ALL","0","","Monthly Dist. Rebate Dec. 2018 #2","","","en-us","","Fitz Chem LLC.","6340 Reliable Parkway
Chicago, IL 60686-0063","60686-0063","512","US","IL","","1","1612FC010725","","CHECK","","Chicago","6340 Reliable Parkway","PJF","1900-01-01 00:00:00","COL","0","","US","512","IL","","0","0","1900-01-01 00:00:00","0","2019-08-13 15:34:49","41689","FontP","1612","1214100502","5637304134","","1","","0","-277.750000000000","CR-NA-01102","0","","","","CR-NA-01102","0","2019-08-13 15:41:12","FontP",""
"10","102371","259461","2020-01-16 00:00:00","2020-02-15 00:00:00","1900-01-01 00:00:00","USD","","1001","3","0","30","","ARTrade","EXEMPT","ALL","0","","Monthly Dist. Rebate July 2019","","","en-us","","Fitz Chem LLC.","6340 Reliable Parkway
Chicago, IL 60686-0063","60686-0063","512","US","IL","","1","1612FC010755","","CHECK","","Chicago","6340 Reliable Parkway","PJF","1900-01-01 00:00:00","COL","0","","US","512","IL","","0","0","1900-01-01 00:00:00","0","2020-01-16 18:05:29","47129","FontP","1612","812164747","5637310910","","1","","0","-12695.000000000000","CR-NA-1836","0","","","","CR-NA-1836","0","2020-01-16 18:31:05","FontP",""
"10","102371","259461","2020-01-16 00:00:00","2020-02-15 00:00:00","1900-01-01 00:00:00","USD","","1001","3","0","30","","ARTrade","EXEMPT","ALL","0","","Monthly Dist. Rebate Aug 2019","","","en-us","","Fitz Chem LLC.","6340 Reliable Parkway
Chicago, IL 60686-0063","60686-0063","512","US","IL","","1","1612FC010756","","CHECK","","Chicago","6340 Reliable Parkway","PJF","1900-01-01 00:00:00","COL","0","","US","512","IL","","0","0","1900-01-01 00:00:00","0","2020-01-16 18:32:37","48757","FontP","1612","1135266354","5637310911","","1","","0","-9823.500000000000","CR-NA-1836","0","","","","CR-NA-1836","0","2020-01-16 18:35:08","FontP",""
"10","102371","259461","2020-01-16 00:00:00","2020-02-15 00:00:00","1900-01-01 00:00:00","USD","","1001","3","0","30","","ARTrade","EXEMPT","ALL","0","","Monthly Dist. Rebate Sept. 2019","","","en-us","","Fitz Chem LLC.","6340 Reliable Parkway
Chicago, IL 60686-0063","60686-0063","512","US","IL","","1","1612FC010757","","CHECK","","Chicago","6340 Reliable Parkway","PJF","1900-01-01 00:00:00","COL","0","","US","512","IL","","0","0","1900-01-01 00:00:00","0","2020-01-16 18:38:09","49089","FontP","1612","204815072","5637310912","","1","","0","-11347.000000000000","CR-NA-1836","0","","","","CR-NA-1836","0","2020-01-16 18:40:00","FontP",""
"10","102371","259461","2020-01-16 00:00:00","2020-02-15 00:00:00","1900-01-01 00:00:00","USD","","1001","3","0","30","","ARTrade","EXEMPT","ALL","0","","Monthly Dist. Rebate  Oct. 2019","","","en-us","","Fitz Chem LLC.","6340 Reliable Parkway
Chicago, IL 60686-0063","60686-0063","512","US","IL","","1","1612FC010758","","CHECK","","Chicago","6340 Reliable Parkway","PJF","1900-01-01 00:00:00","COL","0","","US","512","IL","","0","0","1900-01-01 00:00:00","0","2020-01-16 18:40:41","49241","FontP","1612","1533156377","5637310913","","1","","0","-12328.750000000000","CR-NA-1836","0","","","","CR-NA-1836","0","2020-01-16 18:42:23","FontP",""
"10","102371","259461","2020-01-16 00:00:00","2020-02-15 00:00:00","1900-01-01 00:00:00","USD","","1001","3","0","30","","ARTrade","EXEMPT","ALL","0","","Monthly Dist. Rebate Nov. 2019","","","en-us","","Fitz Chem LLC.","6340 Reliable Parkway
Chicago, IL 60686-0063","60686-0063","512","US","IL","","1","1612FC010759","","CHECK","","Chicago","6340 Reliable Parkway","PJF","1900-01-01 00:00:00","COL","0","","US","512","IL","","0","0","1900-01-01 00:00:00","0","2020-01-16 18:47:40","49660","FontP","1612","2021812696","5637310914","","1","","0","-10119.600000000000","CR-NA-1836","0","","","","CR-NA-1836","0","2020-01-16 18:49:06","FontP",""
"10","102371","259461","2020-01-16 00:00:00","2020-02-15 00:00:00","1900-01-01 00:00:00","USD","","1001","3","0","30","","ARTrade","EXEMPT","ALL","0","","Rebate Adjustments 2018-2019","","","en-us","","Fitz Chem LLC.","6340 Reliable Parkway
Chicago, IL 60686-0063","60686-0063","512","US","IL","","1","1612FC010760","","CHECK","","Chicago","6340 Reliable Parkway","PJF","1900-01-01 00:00:00","COL","0","","US","512","IL","","0","0","1900-01-01 00:00:00","0","2020-01-17 14:04:27","32667","FontP","1612","543002065","5637311136","","1","","0","-2647.000000000000","CR-NA-1836","0","","","","CR-NA-1836","0","2020-01-17 14:12:03","FontP",""
"10","102371","259461","2020-04-22 00:00:00","2020-05-22 00:00:00","1900-01-01 00:00:00","USD","2501","1001","2","0","30","","ARTrade","EXEMPT","ALL","0","","Monthly Dist. Rebate Feb 2020","","","en-us","","Fitz Chem LLC.","6340 Reliable Parkway
Chicago, IL 60686-0063","60686-0063","512","US","IL","","1","1612FC010781","","CHECK","","Chicago","6340 Reliable Parkway","PJF","1900-01-01 00:00:00","COL","0","","US","512","IL","","0","0","1900-01-01 00:00:00","0","2020-04-22 19:17:23","55043","FontP","1612","380717466","5637317332","","1","","0","-9167.280000000000","CR-NA-02477","0","","","","CR-NA-02477","0","2020-04-22 19:51:41","FontP",""
"10","102371","259461","2020-04-22 00:00:00","2020-05-22 00:00:00","1900-01-01 00:00:00","USD","2501","1001","2","0","30","","ARTrade","EXEMPT","ALL","0","","Monthly Dist. Rebate March 2020","","","en-us","","Fitz Chem LLC.","6340 Reliable Parkway
Chicago, IL 60686-0063","60686-0063","512","US","IL","","1","1612FC010782","","CHECK","","Chicago","6340 Reliable Parkway","PJF","1900-01-01 00:00:00","COL","0","","US","512","IL","","0","0","1900-01-01 00:00:00","0","2020-04-22 19:55:01","57301","FontP","1612","1566255574","5637317333","","1","","0","-4486.500000000000","CR-NA-02478","0","","","","CR-NA-02478","0","2020-04-22 19:57:14","FontP",""
"10","102371","259461","2020-04-28 00:00:00","2020-05-28 00:00:00","1900-01-01 00:00:00","USD","2501","1001","2","0","30","","ARTrade","EXEMPT","ALL","0","","Monthly Dist. Rebate Dec. 2019","","","en-us","","Fitz Chem LLC.","6340 Reliable Parkway
Chicago, IL 60686-0063","60686-0063","512","US","IL","","1","1612FC010783","","CHECK","","Chicago","6340 Reliable Parkway","PJF","1900-01-01 00:00:00","COL","0","","US","512","IL","","0","0","1900-01-01 00:00:00","0","2020-04-28 12:34:19","30859","FontP","1612","164422501","5637317097","","1","","0","-14412.400000000000","CR-NA-01950","0","","","","CR-NA-01950","0","2020-04-28 12:42:28","FontP",""
"10","102371","259461","2020-04-28 00:00:00","2020-05-28 00:00:00","1900-01-01 00:00:00","USD","2501","1001","2","0","30","","ARTrade","EXEMPT","ALL","0","","Monthly Dist. Rebate Jan. 2020","","","en-us","","Fitz Chem LLC.","6340 Reliable Parkway
Chicago, IL 60686-0063","60686-0063","512","US","IL","","1","1612FC010784","","CHECK","","Chicago","6340 Reliable Parkway","PJF","1900-01-01 00:00:00","COL","0","","US","512","IL","","0","0","1900-01-01 00:00:00","0","2020-04-28 12:46:08","31568","FontP","1612","2003623014","5637317098","","1","","0","-14118.420000000000","CR-NA-02158","0","","","","CR-NA-02158","0","2020-04-28 13:02:46","FontP",""
"10","102371","259461","2020-05-19 00:00:00","2020-06-18 00:00:00","1900-01-01 00:00:00","USD","2892","1001","2","0","30","","ARTrade","EXEMPT","ALL","0","","Sterilization Processing","","","en-us","","Fitz Chem LLC.","6340 Reliable Parkway
Chicago, IL 60686-0063","60686-0063","512","US","IL","","1","1612F012104","1612021178/MAN022120","CHECK","","Chicago","6340 Reliable Parkway","ldlopez","1900-01-01 00:00:00","COL","0","","US","512","IL","","0","0","1900-01-01 00:00:00","0","2020-05-19 21:32:22","63142","LLope","1612","1138230842","5637316990","","1","","0","1983.500000000000","SBR-000147","0","","","","","0","2020-05-20 13:23:00","LLope",""
"10","102371","259461","2020-06-05 00:00:00","2020-07-05 00:00:00","1900-01-01 00:00:00","USD","2501","1001","2","0","30","","ARTrade","EXEMPT","ALL","0","","Rebate Adjustment Feb 2020","","","en-us","","Fitz Chem LLC.","6340 Reliable Parkway
Chicago, IL 60686-0063","60686-0063","512","US","IL","","1","1612FC010821","","CHECK","","Chicago","6340 Reliable Parkway","PJF","1900-01-01 00:00:00","COL","0","","US","512","IL","","0","0","1900-01-01 00:00:00","0","2020-06-08 12:18:58","29938","FontP","1612","436692877","5637319399","","1","","0","-311.510000000000","CR-NA-02638","0","","","","CR-NA-02638","0","2020-06-08 12:28:41","FontP",""
"10","102371","259461","2020-06-29 00:00:00","2020-07-29 00:00:00","1900-01-01 00:00:00","USD","2501","1001","2","0","30","","ARTrade","EXEMPT","ALL","0","","June 2020 Rebate","","","en-us","","Fitz Chem LLC.","6340 Reliable Parkway
Chicago, IL 60686-0063","60686-0063","512","US","IL","","1","1612FC010831","Various","CHECK","","Chicago","6340 Reliable Parkway","PJF","1900-01-01 00:00:00","COL","0","","US","512","IL","","0","0","1900-01-01 00:00:00","0","2020-06-29 20:44:11","60251","FontP","1612","938020113","5637320105","","1","","0","-13559.130000000000","CR-NA-02896","0","","","","CR-NA-02896","0","2020-06-29 20:57:10","FontP",""
"10","102371","259461","2020-06-30 00:00:00","2020-07-30 00:00:00","1900-01-01 00:00:00","USD","2501","1001","2","0","30","","ARTrade","EXEMPT","ALL","0","","Rebate April 2020","","","en-us","","Fitz Chem LLC.","6340 Reliable Parkway
Chicago, IL 60686-0063","60686-0063","512","US","IL","","1","1612FC010832","","CHECK","","Chicago","6340 Reliable Parkway","PJF","1900-01-01 00:00:00","COL","0","","US","512","IL","","0","0","1900-01-01 00:00:00","0","2020-07-01 19:07:43","54463","FontP","1612","2138385479","5637320137","","1","","0","-14010.310000000000","CR-NA-02895","0","","","","CR-NA-02895","0","2020-07-01 19:15:34","FontP",""
"10","102371","259461","2020-07-28 00:00:00","2020-08-27 00:00:00","1900-01-01 00:00:00","USD","2501","1001","2","0","30","","ARTrade","EXEMPT","ALL","0","","Rebate June 2020","","","en-us","","Fitz Chem LLC.","6340 Reliable Parkway
Chicago, IL 60686-0063","60686-0063","512","US","IL","","1","1612FC010836","","CHECK","","Chicago","6340 Reliable Parkway","PJF","1900-01-01 00:00:00","COL","0","","US","512","IL","","0","0","1900-01-01 00:00:00","0","2020-07-28 12:19:15","29955","FontP","1612","2012208820","5637321402","","1","","0","-11575.730000000000","CR-NA-03008","0","","","","CR-NA-03008","0","2020-07-28 12:27:18","FontP",""
"10","262007","262007","2020-04-14 00:00:00","2020-06-13 00:00:00","1900-01-01 00:00:00","USD","2503","1001","2","0","60","","ARTrade","EXEMPT","ALL","0","","1612S141128R001","","","en-us","","Pixelle Specialty Solutions LLC","228 S Main Street
Spring Grove, PA 17362-1000","17362-1000","1559","US","PA","","1","1612F012092","4500539633","CHECK","","Spring Grove","228 S Main Street","ldlopez","1900-01-01 00:00:00","COL","0","","US","1559","PA","","0","0","1900-01-01 00:00:00","0","2020-04-14 14:26:30","37590","LLope","1612","402600928","5637316604","","1","","0","2017.300000000000","SBR-000099","0","","","","","0","2020-04-14 14:27:51","LLope",""
"10","262007","262007","2020-04-14 00:00:00","2020-06-13 00:00:00","1900-01-01 00:00:00","USD","2503","1001","2","0","60","","ARTrade","EXEMPT","ALL","0","","1612S141128R002","","","en-us","","Pixelle Specialty Solutions LLC","228 S Main Street
Spring Grove, PA 17362-1000","17362-1000","1559","US","PA","","1","1612F012093","4500539633","CHECK","","Spring Grove","228 S Main Street","ldlopez","1900-01-01 00:00:00","COL","0","","US","1559","PA","","0","0","1900-01-01 00:00:00","0","2020-04-14 14:28:08","37688","LLope","1612","642678775","5637316605","","1","","0","2017.300000000000","SBR-000100","0","","","","","0","2020-04-14 14:33:40","LLope",""
"10","262007","262007","2020-04-14 00:00:00","2020-06-13 00:00:00","1900-01-01 00:00:00","USD","2503","1001","2","0","60","","ARTrade","EXEMPT","ALL","0","","1612S141128R003","","","en-us","","Pixelle Specialty Solutions LLC","228 S Main Street
Spring Grove, PA 17362-1000","17362-1000","1559","US","PA","","1","1612F012094","4500539633","CHECK","","Spring Grove","228 S Main Street","ldlopez","1900-01-01 00:00:00","COL","0","","US","1559","PA","","0","0","1900-01-01 00:00:00","0","2020-04-14 14:37:50","38270","LLope","1612","478487930","5637316606","","1","","0","2017.300000000000","SBR-000101","0","","","","","0","2020-04-14 14:39:45","LLope",""
"10","262012","262012","2019-10-03 00:00:00","2019-11-17 00:00:00","1900-01-01 00:00:00","USD","2503","1001","2","0","45","","ARTrade","EXEMPT","ALL","0","","1612S136436R001 CC 00010588","","","en-us","","Neenah Paper  Inc","1376 Kimberly Drive
Neenah, WI 54956","54956","2021","US","WI","","1","1612FC010729","333364516","CHECK","","Neenah","1376 Kimberly Drive","ldlopez","1900-01-01 00:00:00","PP3","0","","US","2021","WI","","0","0","1900-01-01 00:00:00","0","2019-10-03 19:21:12","55272","LLope","1612","601286042","5637307614","","1","","0","-2857.320000000000","CR-NA-01216","0","","","","CR-NA-01216","0","2019-10-03 19:26:40","LLope",""
"10","262012","262012","2019-10-03 00:00:00","2019-11-17 00:00:00","1900-01-01 00:00:00","USD","2503","1001","2","0","45","","ARTrade","EXEMPT","ALL","0","","1612S136436R002 CC  00010588","","","en-us","","Neenah Paper  Inc","1376 Kimberly Drive
Neenah, WI 54956","54956","2021","US","WI","","1","1612FC010730","333364520","CHECK","","Neenah","1376 Kimberly Drive","ldlopez","1900-01-01 00:00:00","PP3","0","","US","2021","WI","","0","0","1900-01-01 00:00:00","0","2019-10-03 19:38:43","56323","LLope","1612","886745308","5637307615","","1","","0","-2845.600000000000","CR-NA-01413","0","","","","CR-NA-01413","0","2019-10-03 19:39:56","LLope",""
"10","104713","262183","2019-11-20 00:00:00","2020-03-19 00:00:00","1900-01-01 00:00:00","USD","2529","1001","2","0","120","","ARTrade","EXEMPT","ALL","0","","1612S136348;1612173317","","","en-us","","Chemco International (Hong Kong) Ltd.","Unit F, 21st Floor,
Neich Tower,
128 Gloucester Road
Wanchai
HK","","","HK","","","1","1612FC010744","CHEM19021A","CHECK","","Wanchai","Unit F, 21st Floor,
Neich Tower,
128 Gloucester Road","PJF","1900-01-01 00:00:00","CIF","0","","HK","","","","0","0","1900-01-01 00:00:00","0","2019-11-20 19:13:11","51191","FontP","1612","1849563210","5637309329","","1","","0","-1198.200000000000","CR-NA-01669","0","","","","CR-NA-01669","0","2019-11-20 19:20:20","FontP",""
"10","104713","262183","2019-11-20 00:00:00","2020-03-19 00:00:00","1900-01-01 00:00:00","USD","2529","1001","2","0","120","","ARTrade","EXEMPT","ALL","0","","1612S136349;1612173839","","","en-us","","Chemco International (Hong Kong) Ltd.","Unit F, 21st Floor,
Neich Tower,
128 Gloucester Road
Wanchai
HK","","","HK","","","1","1612FC010745","CHEM19021B","CHECK","","Wanchai","Unit F, 21st Floor,
Neich Tower,
128 Gloucester Road","PJF","1900-01-01 00:00:00","CIF","0","","HK","","","","0","0","1900-01-01 00:00:00","0","2019-11-20 19:25:49","51949","FontP","1612","735707599","5637309330","","1","","0","-684.690000000000","CR-NA-01655","0","","","","CR-NA-01655","0","2019-11-20 19:35:48","FontP",""
"10","259213","262183","2020-02-25 00:00:00","2020-06-24 00:00:00","1900-01-01 00:00:00","USD","2529","1001","2","0","120","","ARTrade","EXEMPT","ALL","0","","1612S133012;1612172521","","","en-us","","Chemco International (Hong Kong) Ltd.","Unit F, 21st Floor,
Neich Tower,
128 Gloucester Road
Wanchai
HK","","","HK","","","1","1612FC010775","CHEM19007E","CHECK","","Wanchai","Unit F, 21st Floor,
Neich Tower,
128 Gloucester Road","PJF","1900-01-01 00:00:00","CIF","0","","HK","","","","0","0","1900-01-01 00:00:00","0","2020-02-25 18:16:47","47807","FontP","1612","595416559","5637313832","","1","","0","-1380.380000000000","CR-NA-02212","0","","","","CR-NA-02212","0","2020-02-25 18:27:49","FontP",""
